SightDate,Time1,Month,Day,Year,pod,likelypod,latitude,longitude,Source,j_pod,j_likelypod,j,j_tag,k_pod,k_likelypod,k,k_tag,l_pod,l_likelypod,l,l_tag,puget_sound,central_salish,pod_tag
1986-01-19,12:00:00,1,19.0,1986,orcas,srs,47.9624,-122.292,TWM-SA-Rel,0,0,0,,0,0,0,,0,0,0,,1.0,0.0,
1986-01-20,10:00:00,1,20.0,1986,orcas,srs,48.5065,-123.1786,TWM-SA-Pub,0,0,0,,0,0,0,,0,0,0,,0.0,1.0,
1986-01-20,10:30:00,1,20.0,1986,orcas,srs,48.5602,-123.2168,TWM-SA-Pub,0,0,0,,0,0,0,,0,0,0,,0.0,1.0,
1986-02-04,12:45:00,2,4.0,1986,orcas,srs,48.4454,-123.0354,TWM-SA-Pub,0,0,0,,0,0,0,,0,0,0,,0.0,1.0,
1986-02-04,13:45:00,2,4.0,1986,orcas,srs,48.5065,-123.1786,TWM-SA-Pub,0,0,0,,0,0,0,,0,0,0,,0.0,1.0,
1986-02-04,14:16:00,2,4.0,1986,j,nan,48.5065,-123.1786,TWM-SA-Rel,1,0,1,J,0,0,0,,0,0,0,,0.0,1.0,J
1986-02-04,14:35:00,2,4.0,1986,j,nan,48.5065,-123.1786,TWM-SA-Rel,1,0,1,J,0,0,0,,0,0,0,,0.0,1.0,J
1986-02-04,15:00:00,2,4.0,1986,j,nan,48.5606,-123.2902,TWM-SA-Rel,1,0,1,J,0,0,0,,0,0,0,,0.0,1.0,J
1986-02-08,14:30:00,2,8.0,1986,orcas,nan,48.4089,-123.294,TWM-SA-Rel,0,0,0,,0,0,0,,0,0,0,,0.0,1.0,
1986-02-22,10:40:00,2,22.0,1986,orcas,nan,48.6408,-123.0779,TWM-SA-Pub,0,0,0,,0,0,0,,0,0,0,,0.0,1.0,
1986-03-01,,3,1.0,1986,orcas,nan,47.8102,-122.4274,TWM-SA-Pub,0,0,0,,0,0,0,,0,0,0,,1.0,0.0,
1986-03-02,14:00:00,3,2.0,1986,orcas,nan,48.6617,-123.014,TWM-SA-Pub,0,0,0,,0,0,0,,0,0,0,,0.0,1.0,
1986-03-02,14:30:00,3,2.0,1986,orcas,nan,47.4177,-122.3619,TWM-SA-Pub,0,0,0,,0,0,0,,0,0,0,,1.0,0.0,
1986-03-13,14:00:00,3,13.0,1986,j,nan,49.1818,-123.88,TWM-SA-Rel,1,0,1,J,0,0,0,,0,0,0,,0.0,1.0,J
1986-03-26,12:55:00,3,26.0,1986,orcas,nan,47.308,-122.8179,TWM-SA-Pub,0,0,0,,0,0,0,,0,0,0,,1.0,0.0,
1986-03-26,15:15:00,3,26.0,1986,orcas,nan,47.308,-122.8179,TWM-SA-Pub,0,0,0,,0,0,0,,0,0,0,,1.0,0.0,
1986-04-06,12:00:00,4,6.0,1986,orcas,srs,48.7628,-122.9628,TWM-SA-Rel,0,0,0,,0,0,0,,0,0,0,,0.0,1.0,
1986-04-06,18:00:00,4,6.0,1986,orcas,srs,48.6266,-123.1794,TWM-SA-Pub,0,0,0,,0,0,0,,0,0,0,,0.0,1.0,
1986-04-06,18:20:00,4,6.0,1986,orcas,srs,48.5602,-123.2168,TWM-SA-Pub,0,0,0,,0,0,0,,0,0,0,,0.0,1.0,
1986-04-06,18:30:00,4,6.0,1986,orcas,srs,48.5065,-123.1786,TWM-SA-Rel,0,0,0,,0,0,0,,0,0,0,,0.0,1.0,
1986-04-06,,4,6.0,1986,orcas,srs,48.7453,-123.0889,TWM-SA-Pub,0,0,0,,0,0,0,,0,0,0,,0.0,1.0,
1986-04-07,,4,7.0,1986,lp,nan,,,TWM-SA-Rel,0,0,0,,0,0,0,,1,0,1,L,,,L
1986-04-15,15:30:00,4,15.0,1986,orcas,nan,48.9892,-123.1057,TWM-SA-Pub,0,0,0,,0,0,0,,0,0,0,,0.0,1.0,
1986-04-16,08:40:00,4,16.0,1986,orcas,nan,48.5602,-123.2168,TWM-SA-Pub,0,0,0,,0,0,0,,0,0,0,,0.0,1.0,
1986-04-20,13:00:00,4,20.0,1986,orcas,srs,47.6849,-122.4389,TWM-SA-Pub,0,0,0,,0,0,0,,0,0,0,,1.0,0.0,
1986-04-24,07:30:00,4,24.0,1986,orcas,nan,48.5799,-122.8595,TWM-SA-Pub,0,0,0,,0,0,0,,0,0,0,,0.0,1.0,
1986-04-26,14:10:00,4,26.0,1986,orcas,j,48.5065,-123.1786,TWM-SA-Pub,0,1,1,J,0,0,0,,0,0,0,,0.0,1.0,J
1986-04-26,14:30:00,4,26.0,1986,j,nan,48.5602,-123.2168,TWM-SA-Rel,1,0,1,J,0,0,0,,0,0,0,,0.0,1.0,J
1986-05-01,19:00:00,5,1.0,1986,orcas,srs,48.5065,-123.1786,TWM-SA-Pub,0,0,0,,0,0,0,,0,0,0,,0.0,1.0,
1986-05-01,20:00:00,5,1.0,1986,orcas,srs,48.5065,-123.1786,TWM-SA-Pub,0,0,0,,0,0,0,,0,0,0,,0.0,1.0,
1986-05-01,20:00:00,5,1.0,1986,orcas,srs,48.5065,-123.1786,TWM-SA-Pub,0,0,0,,0,0,0,,0,0,0,,0.0,1.0,
1986-05-03,08:00:00,5,3.0,1986,orcas,nan,48.8866,-123.295,TWM-SA-Pub,0,0,0,,0,0,0,,0,0,0,,0.0,1.0,
1986-05-03,10:40:00,5,3.0,1986,orcas,nan,48.7151,-122.8291,TWM-SA-Pub,0,0,0,,0,0,0,,0,0,0,,0.0,1.0,
1986-05-03,,5,3.0,1986,orcas,nan,48.6712,-122.7419,TWM-SA-Pub,0,0,0,,0,0,0,,0,0,0,,0.0,1.0,
1986-05-09,13:00:00,5,9.0,1986,orcas,nan,48.5602,-123.2168,TWM-SA-Pub,0,0,0,,0,0,0,,0,0,0,,0.0,1.0,
1986-05-10,16:00:00,5,10.0,1986,orcas,nan,48.6562,-123.243,TWM-SA-Pub,0,0,0,,0,0,0,,0,0,0,,0.0,1.0,
1986-05-14,20:20:00,5,14.0,1986,orcas,nan,48.6266,-123.1794,TWM-SA-Pub,0,0,0,,0,0,0,,0,0,0,,0.0,1.0,
1986-05-15,06:15:00,5,15.0,1986,orcas,nan,48.5602,-123.2168,TWM-SA-Pub,0,0,0,,0,0,0,,0,0,0,,0.0,1.0,
1986-05-15,08:45:00,5,15.0,1986,orcas,nan,48.5386,-122.9544,TWM-SA-Pub,0,0,0,,0,0,0,,0,0,0,,0.0,1.0,
1986-05-17,07:00:00,5,17.0,1986,j?,nan,48.4412,-122.9393,TWM-SA-Rel,1,0,1,J,0,0,0,,0,0,0,,0.0,1.0,J
1986-05-17,09:20:00,5,17.0,1986,j,nan,48.5602,-123.2168,TWM-SA-Rel,1,0,1,J,0,0,0,,0,0,0,,0.0,1.0,J
1986-05-20,16:43:00,5,20.0,1986,orcas,nan,48.5065,-123.1786,TWM-SA-Pub,0,0,0,,0,0,0,,0,0,0,,0.0,1.0,
1986-05-20,20:30:00,5,20.0,1986,orcas,j,48.5065,-123.1786,TWM-SA-Rel,0,1,1,J,0,0,0,,0,0,0,,0.0,1.0,J
1986-05-21,11:00:00,5,21.0,1986,orcas,j,48.5065,-123.1786,TWM-SA-Pub,0,1,1,J,0,0,0,,0,0,0,,0.0,1.0,J
1986-05-21,12:00:00,5,21.0,1986,j,nan,48.5602,-123.2168,TWM-SA-Rel,1,0,1,J,0,0,0,,0,0,0,,0.0,1.0,J
1986-05-21,12:10:00,5,21.0,1986,orcas,j,48.5602,-123.2168,TWM-SA-Pub,0,1,1,J,0,0,0,,0,0,0,,0.0,1.0,J
1986-05-21,14:35:00,5,21.0,1986,j,nan,48.711,-123.2655,TWM-SA-Rel,1,0,1,J,0,0,0,,0,0,0,,0.0,1.0,J
1986-05-23,07:15:00,5,23.0,1986,j,nan,48.5602,-123.2168,TWM-SA-Rel,1,0,1,J,0,0,0,,0,0,0,,0.0,1.0,J
1986-05-23,08:30:00,5,23.0,1986,orcas,j,48.4412,-122.9393,TWM-SA-Pub,0,1,1,J,0,0,0,,0,0,0,,0.0,1.0,J
1986-05-24,16:30:00,5,24.0,1986,orcas,nan,48.4128,-123.1631,TWM-SA-Rel,0,0,0,,0,0,0,,0,0,0,,0.0,1.0,
1986-05-25,10:00:00,5,25.0,1986,orcas,l,48.3155,-123.5625,TWM-SA-Pub,0,0,0,,0,0,0,,0,1,1,L,0.0,1.0,L
1986-05-25,10:30:00,5,25.0,1986,l,nan,48.3155,-123.5625,TWM-SA-Rel,0,0,0,,0,0,0,,1,0,1,L,0.0,1.0,L
1986-05-25,13:00:00,5,25.0,1986,orcas,l,48.3625,-123.9645,TWM-SA-Pub,0,0,0,,0,0,0,,0,1,1,L,0.0,1.0,L
1986-05-25,16:00:00,5,25.0,1986,orcas,nan,48.711,-123.2655,TWM-SA-Pub,0,0,0,,0,0,0,,0,0,0,,0.0,1.0,
1986-05-26,17:00:00,5,26.0,1986,j,nan,48.5602,-123.2168,TWM-SA-Rel,1,0,1,J,0,0,0,,0,0,0,,0.0,1.0,J
1986-05-26,18:00:00,5,26.0,1986,orcas,j,48.5065,-123.1786,TWM-SA-Pub,0,1,1,J,0,0,0,,0,0,0,,0.0,1.0,J
1986-05-27,10:20:00,5,27.0,1986,k?,nan,48.5602,-123.2168,TWM-SA-Rel,0,0,0,,1,0,1,K,0,0,0,,0.0,1.0,K
1986-05-27,10:45:00,5,27.0,1986,orcas,k,48.5065,-123.1786,TWM-SA-Pub,0,0,0,,0,1,1,K,0,0,0,,0.0,1.0,K
1986-05-27,13:05:00,5,27.0,1986,k,nan,48.4454,-123.0354,TWM-SA-Rel,0,0,0,,1,0,1,K,0,0,0,,0.0,1.0,K
1986-05-27,14:30:00,5,27.0,1986,orcas,k,48.5065,-123.1786,TWM-SA-Rel,0,0,0,,0,1,1,K,0,0,0,,0.0,1.0,K
1986-05-27,15:35:00,5,27.0,1986,k,nan,48.5602,-123.2168,TWM-SA-Rel,0,0,0,,1,0,1,K,0,0,0,,0.0,1.0,K
1986-05-27,16:15:00,5,27.0,1986,k,nan,48.6266,-123.1794,TWM-SA-Rel,0,0,0,,1,0,1,K,0,0,0,,0.0,1.0,K
1986-05-27,17:33:00,5,27.0,1986,k,nan,48.6266,-123.1794,TWM-SA-Rel,0,0,0,,1,0,1,K,0,0,0,,0.0,1.0,K
1986-05-28,08:00:00,5,28.0,1986,orcas,k,48.5065,-123.1786,TWM-SA-Pub,0,0,0,,0,1,1,K,0,0,0,,0.0,1.0,K
1986-05-28,08:50:00,5,28.0,1986,k,nan,48.5602,-123.2168,TWM-SA-Rel,0,0,0,,1,0,1,K,0,0,0,,0.0,1.0,K
1986-05-28,09:15:00,5,28.0,1986,orcas,k,48.5602,-123.2168,TWM-SA-Pub,0,0,0,,0,1,1,K,0,0,0,,0.0,1.0,K
1986-05-28,11:00:00,5,28.0,1986,orcas,k,48.5602,-123.2168,TWM-SA-Rel,0,0,0,,0,1,1,K,0,0,0,,0.0,1.0,K
1986-05-28,11:00:00,5,28.0,1986,k?,nan,48.5602,-123.2168,TWM-SA-Rel,0,0,0,,1,0,1,K,0,0,0,,0.0,1.0,K
1986-05-28,11:05:00,5,28.0,1986,j,nan,48.5602,-123.2168,TWM-SA-Rel,1,0,1,J,0,0,0,,0,0,0,,0.0,1.0,J
1986-05-28,16:45:00,5,28.0,1986,k,nan,48.5065,-123.1786,TWM-SA-Rel,0,0,0,,1,0,1,K,0,0,0,,0.0,1.0,K
1986-05-28,17:40:00,5,28.0,1986,k,nan,48.5065,-123.1786,TWM-SA-Rel,0,0,0,,1,0,1,K,0,0,0,,0.0,1.0,K
1986-05-28,18:15:00,5,28.0,1986,orcas,k,48.5065,-123.1786,TWM-SA-Rel,0,0,0,,0,1,1,K,0,0,0,,0.0,1.0,K
1986-05-29,06:00:00,5,29.0,1986,orcas,srs,48.5065,-123.1786,TWM-SA-Pub,0,0,0,,0,0,0,,0,0,0,,0.0,1.0,
1986-05-29,07:15:00,5,29.0,1986,orcas,srs,48.6266,-123.1794,TWM-SA-Pub,0,0,0,,0,0,0,,0,0,0,,0.0,1.0,
1986-05-30,13:15:00,5,30.0,1986,orcas,srs,48.4412,-122.9393,TWM-SA-Pub,0,0,0,,0,0,0,,0,0,0,,0.0,1.0,
1986-05-30,14:30:00,5,30.0,1986,orcas,srs,48.5065,-123.1786,TWM-SA-Pub,0,0,0,,0,0,0,,0,0,0,,0.0,1.0,
1986-05-30,15:00:00,5,30.0,1986,orcas,srs,48.5065,-123.1786,TWM-SA-Pub,0,0,0,,0,0,0,,0,0,0,,0.0,1.0,
1986-05-30,18:30:00,5,30.0,1986,orcas,srs,48.5065,-123.1786,TWM-SA-Rel,0,0,0,,0,0,0,,0,0,0,,0.0,1.0,
1986-05-31,09:30:00,5,31.0,1986,j?,nan,48.5602,-123.2168,TWM-SA-Rel,1,0,1,J,0,0,0,,0,0,0,,0.0,1.0,J
1986-05-31,12:20:00,5,31.0,1986,k,klp,48.5602,-123.2168,TWM-SA-Rel,0,0,0,,1,1,1,K,0,1,1,L,0.0,1.0,KL
1986-05-31,12:30:00,5,31.0,1986,orcas,klp,48.5065,-123.1786,TWM-SA-Pub,0,0,0,,0,1,1,K,0,1,1,L,0.0,1.0,KL
1986-05-31,13:30:00,5,31.0,1986,orcas,klp,48.4412,-122.9393,TWM-SA-Pub,0,0,0,,0,1,1,K,0,1,1,L,0.0,1.0,KL
1986-05-31,15:03:00,5,31.0,1986,klp,nan,48.4454,-123.0354,TWM-SA-Rel,0,0,0,,1,0,1,K,1,0,1,L,0.0,1.0,KL
1986-05-31,15:45:00,5,31.0,1986,klp,nan,48.4629,-123.1092,TWM-SA-Rel,0,0,0,,1,0,1,K,1,0,1,L,0.0,1.0,KL
1986-05-31,16:00:00,5,31.0,1986,klp?,nan,48.4454,-123.0354,TWM-SA-Rel,0,0,0,,1,0,1,K,1,0,1,L,0.0,1.0,KL
1986-05-31,16:30:00,5,31.0,1986,l,klp,48.3155,-123.5625,TWM-SA-Rel,0,0,0,,0,1,1,K,1,1,1,L,0.0,1.0,KL
1986-05-31,17:30:00,5,31.0,1986,orcas,klp,48.5602,-123.2168,TWM-SA-Pub,0,0,0,,0,1,1,K,0,1,1,L,0.0,1.0,KL
1986-05-31,17:40:00,5,31.0,1986,k,klp,48.5602,-123.2168,TWM-SA-Rel,0,0,0,,1,1,1,K,0,1,1,L,0.0,1.0,KL
1986-05-31,18:45:00,5,31.0,1986,k,klp,48.6266,-123.1794,TWM-SA-Rel,0,0,0,,1,1,1,K,0,1,1,L,0.0,1.0,KL
1986-06-03,13:30:00,6,3.0,1986,j,jk,48.5602,-123.2168,TWM-SA-Rel,1,1,1,J,0,1,1,K,0,0,0,,0.0,1.0,JK
1986-06-03,14:10:00,6,3.0,1986,orcas,jk,48.5065,-123.1786,TWM-SA-Rel,0,1,1,J,0,1,1,K,0,0,0,,0.0,1.0,JK
1986-06-03,15:40:00,6,3.0,1986,k,jk,48.4454,-123.0354,TWM-SA-Rel,0,1,1,J,1,1,1,K,0,0,0,,0.0,1.0,JK
1986-06-03,19:55:00,6,3.0,1986,j,jk,48.5602,-123.2168,TWM-SA-Rel,1,1,1,J,0,1,1,K,0,0,0,,0.0,1.0,JK
1986-06-03,20:10:00,6,3.0,1986,j,jk,48.5602,-123.2168,TWM-SA-Rel,1,1,1,J,0,1,1,K,0,0,0,,0.0,1.0,JK
1986-06-04,10:00:00,6,4.0,1986,orcas,k,48.5065,-123.1786,TWM-SA-Pub,0,0,0,,0,1,1,K,0,0,0,,0.0,1.0,K
1986-06-04,10:20:00,6,4.0,1986,k,nan,48.5602,-123.2168,TWM-SA-Rel,0,0,0,,1,0,1,K,0,0,0,,0.0,1.0,K
1986-06-04,11:50:00,6,4.0,1986,k,nan,48.5602,-123.2168,TWM-SA-Rel,0,0,0,,1,0,1,K,0,0,0,,0.0,1.0,K
1986-06-04,12:00:00,6,4.0,1986,orcas,k,48.5065,-123.1786,TWM-SA-Pub,0,0,0,,0,1,1,K,0,0,0,,0.0,1.0,K
1986-06-04,12:40:00,6,4.0,1986,orcas,k,48.6266,-123.1794,TWM-SA-Pub,0,0,0,,0,1,1,K,0,0,0,,0.0,1.0,K
1986-06-04,,6,4.0,1986,orcas,k,48.5065,-123.1786,TWM-SA-Pub,0,0,0,,0,1,1,K,0,0,0,,0.0,1.0,K
1986-06-05,09:00:00,6,5.0,1986,k,nan,48.5602,-123.2168,TWM-SA-Pub,0,0,0,,1,0,1,K,0,0,0,,0.0,1.0,K
1986-06-05,09:10:00,6,5.0,1986,orcas,k,48.5065,-123.1786,TWM-SA-Pub,0,0,0,,0,1,1,K,0,0,0,,0.0,1.0,K
1986-06-05,11:12:00,6,5.0,1986,k,nan,48.6266,-123.1794,TWM-SA-Rel,0,0,0,,1,0,1,K,0,0,0,,0.0,1.0,K
1986-06-05,13:20:00,6,5.0,1986,orcas,k,48.711,-123.2655,TWM-SA-Pub,0,0,0,,0,1,1,K,0,0,0,,0.0,1.0,K
1986-06-06,12:30:00,6,6.0,1986,orcas,jk,48.5065,-123.1786,TWM-SA-Pub,0,1,1,J,0,1,1,K,0,0,0,,0.0,1.0,JK
1986-06-06,12:50:00,6,6.0,1986,orcas,jk,48.5065,-123.1786,TWM-SA-Rel,0,1,1,J,0,1,1,K,0,0,0,,0.0,1.0,JK
1986-06-06,15:15:00,6,6.0,1986,jk,nan,48.4629,-123.1092,TWM-SA-Rel,1,0,1,J,1,0,1,K,0,0,0,,0.0,1.0,JK
1986-06-06,15:20:00,6,6.0,1986,orcas,jk,48.4454,-123.0354,TWM-SA-Pub,0,1,1,J,0,1,1,K,0,0,0,,0.0,1.0,JK
1986-06-06,16:15:00,6,6.0,1986,orcas,jk,48.5065,-123.1786,TWM-SA-Pub,0,1,1,J,0,1,1,K,0,0,0,,0.0,1.0,JK
1986-06-06,18:00:00,6,6.0,1986,jk,nan,48.5065,-123.1786,TWM-SA-Rel,1,0,1,J,1,0,1,K,0,0,0,,0.0,1.0,JK
1986-06-06,19:00:00,6,6.0,1986,jk,nan,48.5602,-123.2168,TWM-SA-Rel,1,0,1,J,1,0,1,K,0,0,0,,0.0,1.0,JK
1986-06-06,20:20:00,6,6.0,1986,orcas,jk,48.5065,-123.1786,TWM-SA-Rel,0,1,1,J,0,1,1,K,0,0,0,,0.0,1.0,JK
1986-06-07,11:45:00,6,7.0,1986,k,nan,48.5065,-123.1786,TWM-SA-Rel,0,0,0,,1,0,1,K,0,0,0,,0.0,1.0,K
1986-06-07,11:45:00,6,7.0,1986,k,nan,48.5065,-123.1786,TWM-SA-Rel,0,0,0,,1,0,1,K,0,0,0,,0.0,1.0,K
1986-06-07,15:15:00,6,7.0,1986,k,nan,48.4629,-123.1092,TWM-SA-Rel,0,0,0,,1,0,1,K,0,0,0,,0.0,1.0,K
1986-06-07,16:00:00,6,7.0,1986,orcas,k,48.4454,-123.0354,TWM-SA-Pub,0,0,0,,0,1,1,K,0,0,0,,0.0,1.0,K
1986-06-07,16:20:00,6,7.0,1986,k,nan,48.4454,-123.0354,TWM-SA-Rel,0,0,0,,1,0,1,K,0,0,0,,0.0,1.0,K
1986-06-07,,6,7.0,1986,orcas,nan,48.5386,-122.9544,TWM-SA-Pub,0,0,0,,0,0,0,,0,0,0,,0.0,1.0,
1986-06-08,10:30:00,6,8.0,1986,k,nan,48.5065,-123.1786,TWM-SA-Rel,0,0,0,,1,0,1,K,0,0,0,,0.0,1.0,K
1986-06-08,11:00:00,6,8.0,1986,k,nan,48.5065,-123.1786,TWM-SA-Rel,0,0,0,,1,0,1,K,0,0,0,,0.0,1.0,K
1986-06-08,11:00:00,6,8.0,1986,k,nan,48.5065,-123.1786,TWM-SA-Rel,0,0,0,,1,0,1,K,0,0,0,,0.0,1.0,K
1986-06-08,11:50:00,6,8.0,1986,k,nan,48.5065,-123.1786,TWM-SA-Rel,0,0,0,,1,0,1,K,0,0,0,,0.0,1.0,K
1986-06-08,12:10:00,6,8.0,1986,k,nan,48.5065,-123.1786,TWM-SA-Rel,0,0,0,,1,0,1,K,0,0,0,,0.0,1.0,K
1986-06-08,12:10:00,6,8.0,1986,k,nan,48.5065,-123.1786,TWM-SA-Rel,0,0,0,,1,0,1,K,0,0,0,,0.0,1.0,K
1986-06-08,12:30:00,6,8.0,1986,k,nan,48.5065,-123.1786,TWM-SA-Rel,0,0,0,,1,0,1,K,0,0,0,,0.0,1.0,K
1986-06-08,13:45:00,6,8.0,1986,k,nan,48.4629,-123.1092,TWM-SA-Rel,0,0,0,,1,0,1,K,0,0,0,,0.0,1.0,K
1986-06-08,14:20:00,6,8.0,1986,k,nan,48.4629,-123.1092,TWM-SA-Rel,0,0,0,,1,0,1,K,0,0,0,,0.0,1.0,K
1986-06-08,18:10:00,6,8.0,1986,k,nan,48.5065,-123.1786,TWM-SA-Rel,0,0,0,,1,0,1,K,0,0,0,,0.0,1.0,K
1986-06-08,18:30:00,6,8.0,1986,k,nan,48.5065,-123.1786,TWM-SA-Rel,0,0,0,,1,0,1,K,0,0,0,,0.0,1.0,K
1986-06-08,19:30:00,6,8.0,1986,k,nan,48.5065,-123.1786,TWM-SA-Rel,0,0,0,,1,0,1,K,0,0,0,,0.0,1.0,K
1986-06-08,22:10:00,6,8.0,1986,orcas,k,48.5065,-123.1786,TWM-SA-Rel,0,0,0,,0,1,1,K,0,0,0,,0.0,1.0,K
1986-06-09,09:15:00,6,9.0,1986,k,nan,48.5602,-123.2168,TWM-SA-Rel,0,0,0,,1,0,1,K,0,0,0,,0.0,1.0,K
1986-06-09,09:30:00,6,9.0,1986,orcas,k,48.5602,-123.2168,TWM-SA-Rel,0,0,0,,0,1,1,K,0,0,0,,0.0,1.0,K
1986-06-09,10:00:00,6,9.0,1986,orcas,k,48.4629,-123.1092,TWM-SA-Pub,0,0,0,,0,1,1,K,0,0,0,,0.0,1.0,K
1986-06-09,11:30:00,6,9.0,1986,orcas,k,48.4412,-122.9393,TWM-SA-Pub,0,0,0,,0,1,1,K,0,0,0,,0.0,1.0,K
1986-06-09,12:00:00,6,9.0,1986,orcas,k,48.4629,-123.1092,TWM-SA-Pub,0,0,0,,0,1,1,K,0,0,0,,0.0,1.0,K
1986-06-09,13:50:00,6,9.0,1986,k,nan,48.5602,-123.2168,TWM-SA-Rel,0,0,0,,1,0,1,K,0,0,0,,0.0,1.0,K
1986-06-09,15:30:00,6,9.0,1986,k,nan,48.5065,-123.1786,TWM-SA-Rel,0,0,0,,1,0,1,K,0,0,0,,0.0,1.0,K
1986-06-09,16:00:00,6,9.0,1986,orcas,k,48.4629,-123.1092,TWM-SA-Rel,0,0,0,,0,1,1,K,0,0,0,,0.0,1.0,K
1986-06-09,16:30:00,6,9.0,1986,k,nan,48.4629,-123.1092,TWM-SA-Rel,0,0,0,,1,0,1,K,0,0,0,,0.0,1.0,K
1986-06-10,07:30:00,6,10.0,1986,orcas,k,48.4454,-123.0354,TWM-SA-Pub,0,0,0,,0,1,1,K,0,0,0,,0.0,1.0,K
1986-06-10,10:11:00,6,10.0,1986,k,nan,48.5602,-123.2168,TWM-SA-Rel,0,0,0,,1,0,1,K,0,0,0,,0.0,1.0,K
1986-06-10,11:40:00,6,10.0,1986,k,nan,48.6266,-123.1794,TWM-SA-Rel,0,0,0,,1,0,1,K,0,0,0,,0.0,1.0,K
1986-06-10,12:10:00,6,10.0,1986,k,nan,48.6266,-123.1794,TWM-SA-Rel,0,0,0,,1,0,1,K,0,0,0,,0.0,1.0,K
1986-06-10,12:30:00,6,10.0,1986,k,nan,48.6266,-123.1794,TWM-SA-Rel,0,0,0,,1,0,1,K,0,0,0,,0.0,1.0,K
1986-06-10,14:30:00,6,10.0,1986,k,nan,48.5602,-123.2168,TWM-SA-Rel,0,0,0,,1,0,1,K,0,0,0,,0.0,1.0,K
1986-06-10,15:00:00,6,10.0,1986,k,nan,48.5602,-123.2168,TWM-SA-Rel,0,0,0,,1,0,1,K,0,0,0,,0.0,1.0,K
1986-06-10,17:20:00,6,10.0,1986,orcas,k,48.5065,-123.1786,TWM-SA-Rel,0,0,0,,0,1,1,K,0,0,0,,0.0,1.0,K
1986-06-10,17:40:00,6,10.0,1986,orcas,k,48.5065,-123.1786,TWM-SA-Rel,0,0,0,,0,1,1,K,0,0,0,,0.0,1.0,K
1986-06-10,18:10:00,6,10.0,1986,k,nan,48.5602,-123.2168,TWM-SA-Rel,0,0,0,,1,0,1,K,0,0,0,,0.0,1.0,K
1986-06-10,18:23:00,6,10.0,1986,k,nan,48.5065,-123.1786,TWM-SA-Rel,0,0,0,,1,0,1,K,0,0,0,,0.0,1.0,K
1986-06-11,08:40:00,6,11.0,1986,j,nan,48.5602,-123.2168,TWM-SA-Rel,1,0,1,J,0,0,0,,0,0,0,,0.0,1.0,J
1986-06-11,08:55:00,6,11.0,1986,j,nan,48.5065,-123.1786,TWM-SA-Rel,1,0,1,J,0,0,0,,0,0,0,,0.0,1.0,J
1986-06-11,09:00:00,6,11.0,1986,j,nan,48.5065,-123.1786,TWM-SA-Rel,1,0,1,J,0,0,0,,0,0,0,,0.0,1.0,J
1986-06-11,11:00:00,6,11.0,1986,orcas,j,48.4629,-123.1092,TWM-SA-Pub,0,1,1,J,0,0,0,,0,0,0,,0.0,1.0,J
1986-06-11,11:17:00,6,11.0,1986,k,j,48.5602,-123.2168,TWM-SA-Rel,0,1,1,J,1,0,1,K,0,0,0,,0.0,1.0,JK
1986-06-11,11:55:00,6,11.0,1986,j,nan,48.5065,-123.1786,TWM-SA-Rel,1,0,1,J,0,0,0,,0,0,0,,0.0,1.0,J
1986-06-11,14:00:00,6,11.0,1986,j,nan,48.5602,-123.2168,TWM-SA-Rel,1,0,1,J,0,0,0,,0,0,0,,0.0,1.0,J
1986-06-11,17:27:00,6,11.0,1986,j,nan,48.711,-123.2655,TWM-SA-Rel,1,0,1,J,0,0,0,,0,0,0,,0.0,1.0,J
1986-06-12,08:15:00,6,12.0,1986,orcas,k,48.5065,-123.1786,TWM-SA-Pub,0,0,0,,0,1,1,K,0,0,0,,0.0,1.0,K
1986-06-12,09:45:00,6,12.0,1986,orcas,k,48.5065,-123.1786,TWM-SA-Pub,0,0,0,,0,1,1,K,0,0,0,,0.0,1.0,K
1986-06-12,09:55:00,6,12.0,1986,k,nan,48.5602,-123.2168,TWM-SA-Rel,0,0,0,,1,0,1,K,0,0,0,,0.0,1.0,K
1986-06-12,09:55:00,6,12.0,1986,k,nan,48.5602,-123.2168,TWM-SA-Rel,0,0,0,,1,0,1,K,0,0,0,,0.0,1.0,K
1986-06-12,11:00:00,6,12.0,1986,k,nan,48.5606,-123.2902,TWM-SA-Rel,0,0,0,,1,0,1,K,0,0,0,,0.0,1.0,K
1986-06-12,11:25:00,6,12.0,1986,k,nan,48.5602,-123.2168,TWM-SA-Rel,0,0,0,,1,0,1,K,0,0,0,,0.0,1.0,K
1986-06-12,11:35:00,6,12.0,1986,k,nan,48.5065,-123.1786,TWM-SA-Rel,0,0,0,,1,0,1,K,0,0,0,,0.0,1.0,K
1986-06-12,12:15:00,6,12.0,1986,k,nan,48.5602,-123.2168,TWM-SA-Rel,0,0,0,,1,0,1,K,0,0,0,,0.0,1.0,K
1986-06-12,14:40:00,6,12.0,1986,k,nan,48.6288,-123.1411,TWM-SA-Pub,0,0,0,,1,0,1,K,0,0,0,,0.0,1.0,K
1986-06-13,20:30:00,6,13.0,1986,l,nan,48.4125,-123.2314,TWM-SA-Rel,0,0,0,,0,0,0,,1,0,1,L,0.0,1.0,L
1986-06-14,14:30:00,6,14.0,1986,j?,nan,48.711,-123.2655,TWM-SA-Pub,1,0,1,J,0,0,0,,0,0,0,,0.0,1.0,J
1986-06-14,15:45:00,6,14.0,1986,k?,nan,48.5065,-123.1786,TWM-SA-Rel,0,0,0,,1,0,1,K,0,0,0,,0.0,1.0,K
1986-06-14,19:00:00,6,14.0,1986,orcas,srs,48.5602,-123.2168,TWM-SA-Rel,0,0,0,,0,0,0,,0,0,0,,0.0,1.0,
1986-06-15,09:00:00,6,15.0,1986,orcas,j,48.4454,-123.0354,TWM-SA-Pub,0,1,1,J,0,0,0,,0,0,0,,0.0,1.0,J
1986-06-15,10:20:00,6,15.0,1986,j,nan,48.5065,-123.1786,TWM-SA-Rel,1,0,1,J,0,0,0,,0,0,0,,0.0,1.0,J
1986-06-15,10:20:00,6,15.0,1986,j?,nan,48.5065,-123.1786,TWM-SA-Pub,1,0,1,J,0,0,0,,0,0,0,,0.0,1.0,J
1986-06-15,10:50:00,6,15.0,1986,j,nan,48.5602,-123.2168,TWM-SA-Rel,1,0,1,J,0,0,0,,0,0,0,,0.0,1.0,J
1986-06-15,16:10:00,6,15.0,1986,k,nan,48.5065,-123.1786,TWM-SA-Rel,0,0,0,,1,0,1,K,0,0,0,,0.0,1.0,K
1986-06-16,08:15:00,6,16.0,1986,k,nan,48.5602,-123.2168,TWM-SA-Rel,0,0,0,,1,0,1,K,0,0,0,,0.0,1.0,K
1986-06-16,08:57:00,6,16.0,1986,k,nan,48.5602,-123.2168,TWM-SA-Rel,0,0,0,,1,0,1,K,0,0,0,,0.0,1.0,K
1986-06-16,15:30:00,6,16.0,1986,orcas,k,48.7628,-122.9628,TWM-SA-Pub,0,0,0,,0,1,1,K,0,0,0,,0.0,1.0,K
1986-06-16,16:35:00,6,16.0,1986,k,nan,48.5065,-123.1786,TWM-SA-Rel,0,0,0,,1,0,1,K,0,0,0,,0.0,1.0,K
1986-06-16,16:50:00,6,16.0,1986,k,nan,48.5602,-123.2168,TWM-SA-Rel,0,0,0,,1,0,1,K,0,0,0,,0.0,1.0,K
1986-06-17,15:00:00,6,17.0,1986,orcas,nan,48.4629,-123.1092,TWM-SA-Pub,0,0,0,,0,0,0,,0,0,0,,0.0,1.0,
1986-06-17,16:15:00,6,17.0,1986,j,nan,48.6266,-123.1794,TWM-SA-Rel,1,0,1,J,0,0,0,,0,0,0,,0.0,1.0,J
1986-06-17,16:30:00,6,17.0,1986,orcas,nan,48.7183,-122.9285,TWM-SA-Pub,0,0,0,,0,0,0,,0,0,0,,0.0,1.0,
1986-06-17,18:00:00,6,17.0,1986,j,nan,48.4629,-123.1092,TWM-SA-Rel,1,0,1,J,0,0,0,,0,0,0,,0.0,1.0,J
1986-06-17,19:00:00,6,17.0,1986,orcas,nan,48.6617,-123.014,TWM-SA-Pub,0,0,0,,0,0,0,,0,0,0,,0.0,1.0,
1986-06-17,21:00:00,6,17.0,1986,orcas,j,48.5065,-123.1786,TWM-SA-Pub,0,1,1,J,0,0,0,,0,0,0,,0.0,1.0,J
1986-06-17,,6,17.0,1986,orcas,nan,48.7183,-122.9285,TWM-SA-Pub,0,0,0,,0,0,0,,0,0,0,,0.0,1.0,
1986-06-18,09:45:00,6,18.0,1986,k,jk,48.5065,-123.1786,TWM-SA-Pub,0,1,1,J,1,1,1,K,0,0,0,,0.0,1.0,JK
1986-06-18,09:50:00,6,18.0,1986,orcas,jk,48.5065,-123.1786,TWM-SA-Pub,0,1,1,J,0,1,1,K,0,0,0,,0.0,1.0,JK
1986-06-18,10:10:00,6,18.0,1986,j,jk,48.5065,-123.1786,TWM-SA-Pub,1,1,1,J,0,1,1,K,0,0,0,,0.0,1.0,JK
1986-06-18,19:45:00,6,18.0,1986,orcas,jk,48.5065,-123.1786,TWM-SA-Pub,0,1,1,J,0,1,1,K,0,0,0,,0.0,1.0,JK
1986-06-19,09:00:00,6,19.0,1986,orcas,jk,48.4629,-123.1092,TWM-SA-Pub,0,1,1,J,0,1,1,K,0,0,0,,0.0,1.0,JK
1986-06-19,09:30:00,6,19.0,1986,orcas,jk,48.5065,-123.1786,TWM-SA-Pub,0,1,1,J,0,1,1,K,0,0,0,,0.0,1.0,JK
1986-06-19,10:00:00,6,19.0,1986,orcas,jk,48.4629,-123.1092,TWM-SA-Pub,0,1,1,J,0,1,1,K,0,0,0,,0.0,1.0,JK
1986-06-19,11:30:00,6,19.0,1986,orcas,jk,48.5065,-123.1786,TWM-SA-Pub,0,1,1,J,0,1,1,K,0,0,0,,0.0,1.0,JK
1986-06-19,12:30:00,6,19.0,1986,jk,nan,48.5602,-123.2168,TWM-SA-Rel,1,0,1,J,1,0,1,K,0,0,0,,0.0,1.0,JK
1986-06-19,14:00:00,6,19.0,1986,jk,nan,48.6266,-123.1794,TWM-SA-Rel,1,0,1,J,1,0,1,K,0,0,0,,0.0,1.0,JK
1986-06-19,15:50:00,6,19.0,1986,jk,nan,48.711,-123.2655,TWM-SA-Rel,1,0,1,J,1,0,1,K,0,0,0,,0.0,1.0,JK
1986-06-19,17:05:00,6,19.0,1986,jk,nan,48.7399,-123.1448,TWM-SA-Rel,1,0,1,J,1,0,1,K,0,0,0,,0.0,1.0,JK
1986-06-21,08:52:00,6,21.0,1986,jk,jklp,48.5602,-123.2168,TWM-SA-Rel,1,1,1,J,1,1,1,K,0,1,1,L,0.0,1.0,JKL
1986-06-21,08:57:00,6,21.0,1986,jk,jklp,48.5602,-123.2168,TWM-SA-Rel,1,1,1,J,1,1,1,K,0,1,1,L,0.0,1.0,JKL
1986-06-21,10:10:00,6,21.0,1986,orcas,jklp,48.4454,-123.0354,TWM-SA-Pub,0,1,1,J,0,1,1,K,0,1,1,L,0.0,1.0,JKL
1986-06-21,10:30:00,6,21.0,1986,orcas,jklp,48.4412,-122.9393,TWM-SA-Rel,0,1,1,J,0,1,1,K,0,1,1,L,0.0,1.0,JKL
1986-06-21,12:30:00,6,21.0,1986,jk,jklp,48.5065,-123.1786,TWM-SA-Rel,1,1,1,J,1,1,1,K,0,1,1,L,0.0,1.0,JKL
1986-06-21,12:45:00,6,21.0,1986,k,jklp,48.5065,-123.1786,TWM-SA-Rel,0,1,1,J,1,1,1,K,0,1,1,L,0.0,1.0,JKL
1986-06-21,12:59:00,6,21.0,1986,k,jklp,48.5065,-123.1786,TWM-SA-Rel,0,1,1,J,1,1,1,K,0,1,1,L,0.0,1.0,JKL
1986-06-21,13:00:00,6,21.0,1986,j,jklp,48.5065,-123.1786,TWM-SA-Rel,1,1,1,J,0,1,1,K,0,1,1,L,0.0,1.0,JKL
1986-06-21,13:37:00,6,21.0,1986,k,jklp,48.5602,-123.2168,TWM-SA-Rel,0,1,1,J,1,1,1,K,0,1,1,L,0.0,1.0,JKL
1986-06-21,13:40:00,6,21.0,1986,j,jklp,48.6266,-123.1794,TWM-SA-Rel,1,1,1,J,0,1,1,K,0,1,1,L,0.0,1.0,JKL
1986-06-21,14:10:00,6,21.0,1986,k,jklp,48.6266,-123.1794,TWM-SA-Rel,0,1,1,J,1,1,1,K,0,1,1,L,0.0,1.0,JKL
1986-06-21,14:15:00,6,21.0,1986,jl17,jklp,48.5602,-123.2168,TWM-SA-Rel,1,1,1,J,0,1,1,K,1,1,1,L,0.0,1.0,JKL
1986-06-21,14:30:00,6,21.0,1986,j,jklp,48.6266,-123.1794,TWM-SA-Rel,1,1,1,J,0,1,1,K,0,1,1,L,0.0,1.0,JKL
1986-06-21,14:38:00,6,21.0,1986,j,jklp,48.6266,-123.1794,TWM-SA-Rel,1,1,1,J,0,1,1,K,0,1,1,L,0.0,1.0,JKL
1986-06-21,14:48:00,6,21.0,1986,k,jklp,48.6266,-123.1794,TWM-SA-Rel,0,1,1,J,1,1,1,K,0,1,1,L,0.0,1.0,JKL
1986-06-21,15:00:00,6,21.0,1986,orcas,jklp,48.5602,-123.2168,TWM-SA-Pub,0,1,1,J,0,1,1,K,0,1,1,L,0.0,1.0,JKL
1986-06-21,15:00:00,6,21.0,1986,k,jklp,48.5602,-123.2168,TWM-SA-Rel,0,1,1,J,1,1,1,K,0,1,1,L,0.0,1.0,JKL
1986-06-21,15:07:00,6,21.0,1986,k,jklp,48.5602,-123.2168,TWM-SA-Rel,0,1,1,J,1,1,1,K,0,1,1,L,0.0,1.0,JKL
1986-06-21,15:38:00,6,21.0,1986,j,jklp,48.6266,-123.1794,TWM-SA-Rel,1,1,1,J,0,1,1,K,0,1,1,L,0.0,1.0,JKL
1986-06-21,16:00:00,6,21.0,1986,orcas,jklp,48.5602,-123.2168,TWM-SA-Pub,0,1,1,J,0,1,1,K,0,1,1,L,0.0,1.0,JKL
1986-06-21,16:05:00,6,21.0,1986,j,jklp,48.6266,-123.1794,TWM-SA-Rel,1,1,1,J,0,1,1,K,0,1,1,L,0.0,1.0,JKL
1986-06-21,16:07:00,6,21.0,1986,k,jklp,48.5065,-123.1786,TWM-SA-Rel,0,1,1,J,1,1,1,K,0,1,1,L,0.0,1.0,JKL
1986-06-21,16:36:00,6,21.0,1986,j,jklp,48.5602,-123.2168,TWM-SA-Rel,1,1,1,J,0,1,1,K,0,1,1,L,0.0,1.0,JKL
1986-06-21,16:44:00,6,21.0,1986,k,jklp,48.5065,-123.1786,TWM-SA-Rel,0,1,1,J,1,1,1,K,0,1,1,L,0.0,1.0,JKL
1986-06-21,16:49:00,6,21.0,1986,lp,jklp,48.5065,-123.1786,TWM-SA-Rel,0,1,1,J,0,1,1,K,1,1,1,L,0.0,1.0,JKL
1986-06-21,17:00:00,6,21.0,1986,j,jklp,48.5602,-123.2168,TWM-SA-Rel,1,1,1,J,0,1,1,K,0,1,1,L,0.0,1.0,JKL
1986-06-21,17:00:00,6,21.0,1986,l,jklp,48.5065,-123.1786,TWM-HYD-Rel,0,1,1,J,0,1,1,K,1,1,1,L,0.0,1.0,JKL
1986-06-21,17:10:00,6,21.0,1986,k,jklp,48.5065,-123.1786,TWM-SA-Rel,0,1,1,J,1,1,1,K,0,1,1,L,0.0,1.0,JKL
1986-06-21,17:36:00,6,21.0,1986,j,jklp,48.6266,-123.1794,TWM-SA-Rel,1,1,1,J,0,1,1,K,0,1,1,L,0.0,1.0,JKL
1986-06-21,18:36:00,6,21.0,1986,j,jklp,48.6794,-123.3138,TWM-SA-Rel,1,1,1,J,0,1,1,K,0,1,1,L,0.0,1.0,JKL
1986-06-21,19:20:00,6,21.0,1986,j,jklp,48.7077,-123.2026,TWM-SA-Rel,1,1,1,J,0,1,1,K,0,1,1,L,0.0,1.0,JKL
1986-06-21,20:00:00,6,21.0,1986,orcas,jklp,48.4054,-122.8301,TWM-SA-Pub,0,1,1,J,0,1,1,K,0,1,1,L,0.0,1.0,JKL
1986-06-22,00:55:00,6,22.0,1986,orcas,nan,48.5065,-123.1786,TWM-SA-Rel,0,0,0,,0,0,0,,0,0,0,,0.0,1.0,
1986-06-22,01:00:00,6,22.0,1986,k,nan,48.5065,-123.1786,TWM-SA-Rel,0,0,0,,1,0,1,K,0,0,0,,0.0,1.0,K
1986-06-22,01:30:00,6,22.0,1986,k,nan,48.5065,-123.1786,TWM-SA-Rel,0,0,0,,1,0,1,K,0,0,0,,0.0,1.0,K
1986-06-22,14:00:00,6,22.0,1986,k,klp,48.5602,-123.2168,TWM-SA-Rel,0,0,0,,1,1,1,K,0,1,1,L,0.0,1.0,KL
1986-06-22,14:00:00,6,22.0,1986,k,klp,48.5065,-123.1786,TWM-SA-Rel,0,0,0,,1,1,1,K,0,1,1,L,0.0,1.0,KL
1986-06-22,14:13:00,6,22.0,1986,klp,klp,48.5065,-123.1786,TWM-SA-Rel,0,0,0,,1,1,1,K,1,1,1,L,0.0,1.0,KL
1986-06-22,16:13:00,6,22.0,1986,k,klp,48.6266,-123.1794,TWM-SA-Rel,0,0,0,,1,1,1,K,0,1,1,L,0.0,1.0,KL
1986-06-22,16:15:00,6,22.0,1986,k,klp,48.6266,-123.1794,TWM-SA-Rel,0,0,0,,1,1,1,K,0,1,1,L,0.0,1.0,KL
1986-06-22,16:15:00,6,22.0,1986,k,klp,48.5602,-123.2168,TWM-SA-Pub,0,0,0,,1,1,1,K,0,1,1,L,0.0,1.0,KL
1986-06-22,17:00:00,6,22.0,1986,orcas,klp,48.4454,-123.0354,TWM-SA-Pub,0,0,0,,0,1,1,K,0,1,1,L,0.0,1.0,KL
1986-06-22,17:00:00,6,22.0,1986,orcas,klp,48.5602,-123.2168,TWM-SA-Pub,0,0,0,,0,1,1,K,0,1,1,L,0.0,1.0,KL
1986-06-22,17:00:00,6,22.0,1986,k,klp,48.5065,-123.1786,TWM-SA-Rel,0,0,0,,1,1,1,K,0,1,1,L,0.0,1.0,KL
1986-06-22,18:00:00,6,22.0,1986,k,klp,48.5065,-123.1786,TWM-SA-Rel,0,0,0,,1,1,1,K,0,1,1,L,0.0,1.0,KL
1986-06-23,05:25:00,6,23.0,1986,k?,jk,48.5602,-123.2168,TWM-SA-Rel,0,1,1,J,1,1,1,K,0,0,0,,0.0,1.0,JK
1986-06-23,05:30:00,6,23.0,1986,orcas,jk,48.5602,-123.2168,TWM-SA-Rel,0,1,1,J,0,1,1,K,0,0,0,,0.0,1.0,JK
1986-06-23,06:30:00,6,23.0,1986,orcas,jk,48.5602,-123.2168,TWM-SA-Pub,0,1,1,J,0,1,1,K,0,0,0,,0.0,1.0,JK
1986-06-23,15:50:00,6,23.0,1986,jk,nan,48.7399,-123.1448,TWM-SA-Rel,1,0,1,J,1,0,1,K,0,0,0,,0.0,1.0,JK
1986-06-23,,6,23.0,1986,orcas,jk,48.6266,-123.1794,TWM-SA-Pub,0,1,1,J,0,1,1,K,0,0,0,,0.0,1.0,JK
1986-06-25,11:20:00,6,25.0,1986,orcas,jk?,48.5602,-123.2168,TWM-SA-Rel,0,1,1,J,0,1,1,K,0,0,0,,0.0,1.0,JK
1986-06-25,11:30:00,6,25.0,1986,orcas,jk?,48.5065,-123.1786,TWM-SA-Pub,0,1,1,J,0,1,1,K,0,0,0,,0.0,1.0,JK
1986-06-25,14:00:00,6,25.0,1986,orcas,jk?,48.4412,-122.9393,TWM-SA-Pub,0,1,1,J,0,1,1,K,0,0,0,,0.0,1.0,JK
1986-06-25,15:00:00,6,25.0,1986,orcas,jk?,48.4454,-123.0354,TWM-SA-Pub,0,1,1,J,0,1,1,K,0,0,0,,0.0,1.0,JK
1986-06-25,15:15:00,6,25.0,1986,j,jk?,48.5065,-123.1786,TWM-SA-Rel,1,1,1,J,0,1,1,K,0,0,0,,0.0,1.0,JK
1986-06-25,15:15:00,6,25.0,1986,k,jk?,48.5065,-123.1786,TWM-SA-Rel,0,1,1,J,1,1,1,K,0,0,0,,0.0,1.0,JK
1986-06-25,15:30:00,6,25.0,1986,j,jk?,48.5065,-123.1786,TWM-SA-Rel,1,1,1,J,0,1,1,K,0,0,0,,0.0,1.0,JK
1986-06-25,16:00:00,6,25.0,1986,j,jk?,48.5602,-123.2168,TWM-SA-Rel,1,1,1,J,0,1,1,K,0,0,0,,0.0,1.0,JK
1986-06-25,17:43:00,6,25.0,1986,j,jk?,48.6266,-123.1794,TWM-SA-Rel,1,1,1,J,0,1,1,K,0,0,0,,0.0,1.0,JK
1986-06-26,18:40:00,6,26.0,1986,jk,nan,48.5602,-123.2168,TWM-SA-Rel,1,0,1,J,1,0,1,K,0,0,0,,0.0,1.0,JK
1986-06-26,19:10:00,6,26.0,1986,klp,nan,48.5065,-123.1786,TWM-SA-Rel,0,0,0,,1,0,1,K,1,0,1,L,0.0,1.0,KL
1986-06-26,19:30:00,6,26.0,1986,orcas,jk,48.5065,-123.1786,TWM-SA-Pub,0,1,1,J,0,1,1,K,0,0,0,,0.0,1.0,JK
1986-06-26,19:35:00,6,26.0,1986,jk,nan,48.5065,-123.1786,TWM-SA-Rel,1,0,1,J,1,0,1,K,0,0,0,,0.0,1.0,JK
1986-06-27,09:30:00,6,27.0,1986,orcas,l,48.4911,-122.9741,TWM-SA-Pub,0,0,0,,0,0,0,,0,1,1,L,0.0,1.0,L
1986-06-27,09:45:00,6,27.0,1986,orcas,l,48.5386,-122.9544,TWM-SA-Pub,0,0,0,,0,0,0,,0,1,1,L,0.0,1.0,L
1986-06-27,11:10:00,6,27.0,1986,k,l,48.5386,-122.9544,TWM-SA-Rel,0,0,0,,1,0,1,K,0,1,1,L,0.0,1.0,KL
1986-06-27,13:00:00,6,27.0,1986,l,nan,48.5386,-122.9544,TWM-SA-Rel,0,0,0,,0,0,0,,1,0,1,L,0.0,1.0,L
1986-06-27,13:45:00,6,27.0,1986,orcas,l,48.5386,-122.9544,TWM-SA-Pub,0,0,0,,0,0,0,,0,1,1,L,0.0,1.0,L
1986-06-27,14:45:00,6,27.0,1986,l,nan,48.5386,-122.9544,TWM-SA-Rel,0,0,0,,0,0,0,,1,0,1,L,0.0,1.0,L
1986-06-27,15:00:00,6,27.0,1986,l,nan,48.5386,-122.9544,TWM-SA-Rel,0,0,0,,0,0,0,,1,0,1,L,0.0,1.0,L
1986-06-27,15:30:00,6,27.0,1986,orcas,l,48.6288,-123.1411,TWM-SA-Pub,0,0,0,,0,0,0,,0,1,1,L,0.0,1.0,L
1986-06-27,16:48:00,6,27.0,1986,l,nan,48.5871,-123.0382,TWM-SA-Rel,0,0,0,,0,0,0,,1,0,1,L,0.0,1.0,L
1986-06-27,20:15:00,6,27.0,1986,k,nan,48.5065,-123.1786,TWM-SA-Rel,0,0,0,,1,0,1,K,0,0,0,,0.0,1.0,K
1986-06-29,12:30:00,6,29.0,1986,klp,nan,48.5065,-123.1786,TWM-SA-Rel,0,0,0,,1,0,1,K,1,0,1,L,0.0,1.0,KL
1986-06-29,12:45:00,6,29.0,1986,klp,nan,48.5065,-123.1786,TWM-SA-Rel,0,0,0,,1,0,1,K,1,0,1,L,0.0,1.0,KL
1986-06-30,16:00:00,6,30.0,1986,orcas,j,48.5602,-123.2168,TWM-SA-Pub,0,1,1,J,0,0,0,,0,0,0,,0.0,1.0,J
1986-06-30,16:26:00,6,30.0,1986,j,nan,48.5065,-123.1786,TWM-SA-Rel,1,0,1,J,0,0,0,,0,0,0,,0.0,1.0,J
1986-06-30,16:30:00,6,30.0,1986,j,nan,48.5065,-123.1786,TWM-SA-Rel,1,0,1,J,0,0,0,,0,0,0,,0.0,1.0,J
1986-06-30,16:44:00,6,30.0,1986,j,nan,48.5065,-123.1786,TWM-SA-Rel,1,0,1,J,0,0,0,,0,0,0,,0.0,1.0,J
1986-07-02,13:48:00,7,2.0,1986,orcas,k,48.5065,-123.1786,TWM-SA-Rel,0,0,0,,0,1,1,K,0,0,0,,0.0,1.0,K
1986-07-02,14:00:00,7,2.0,1986,k,nan,48.5065,-123.1786,TWM-SA-Rel,0,0,0,,1,0,1,K,0,0,0,,0.0,1.0,K
1986-07-02,14:20:00,7,2.0,1986,k,nan,48.5065,-123.1786,TWM-SA-Rel,0,0,0,,1,0,1,K,0,0,0,,0.0,1.0,K
1986-07-02,14:40:00,7,2.0,1986,k,nan,48.5065,-123.1786,TWM-SA-Rel,0,0,0,,1,0,1,K,0,0,0,,0.0,1.0,K
1986-07-02,14:55:00,7,2.0,1986,j,k,48.5065,-123.1786,TWM-SA-Rel,1,0,1,J,0,1,1,K,0,0,0,,0.0,1.0,JK
1986-07-02,15:30:00,7,2.0,1986,k,nan,48.5065,-123.1786,TWM-SA-Rel,0,0,0,,1,0,1,K,0,0,0,,0.0,1.0,K
1986-07-02,16:30:00,7,2.0,1986,k,nan,48.5065,-123.1786,TWM-SA-Rel,0,0,0,,1,0,1,K,0,0,0,,0.0,1.0,K
1986-07-03,12:00:00,7,3.0,1986,orcas,nan,48.5065,-123.1786,TWM-SA-Pub,0,0,0,,0,0,0,,0,0,0,,0.0,1.0,
1986-07-03,12:50:00,7,3.0,1986,orcas,nan,48.5065,-123.1786,TWM-SA-Rel,0,0,0,,0,0,0,,0,0,0,,0.0,1.0,
1986-07-03,13:46:00,7,3.0,1986,orcas,nan,48.5065,-123.1786,TWM-SA-Rel,0,0,0,,0,0,0,,0,0,0,,0.0,1.0,
1986-07-03,17:30:00,7,3.0,1986,orcas,nan,48.5065,-123.1786,TWM-SA-Pub,0,0,0,,0,0,0,,0,0,0,,0.0,1.0,
1986-07-04,10:20:00,7,4.0,1986,orcas,jk,48.4454,-123.0354,TWM-SA-Pub,0,1,1,J,0,1,1,K,0,0,0,,0.0,1.0,JK
1986-07-04,11:00:00,7,4.0,1986,orcas,jk,48.4629,-123.1092,TWM-SA-Pub,0,1,1,J,0,1,1,K,0,0,0,,0.0,1.0,JK
1986-07-04,11:30:00,7,4.0,1986,orcas,jk,48.4454,-123.0354,TWM-SA-Rel,0,1,1,J,0,1,1,K,0,0,0,,0.0,1.0,JK
1986-07-04,12:00:00,7,4.0,1986,k,jk,48.5065,-123.1786,TWM-SA-Pub,0,1,1,J,1,1,1,K,0,0,0,,0.0,1.0,JK
1986-07-04,13:50:00,7,4.0,1986,orcas,jk,48.5602,-123.2168,TWM-SA-Pub,0,1,1,J,0,1,1,K,0,0,0,,0.0,1.0,JK
1986-07-04,14:30:00,7,4.0,1986,orcas,jk,48.5065,-123.1786,TWM-SA-Pub,0,1,1,J,0,1,1,K,0,0,0,,0.0,1.0,JK
1986-07-04,14:30:00,7,4.0,1986,orcas,jk,48.5065,-123.1786,TWM-SA-Pub,0,1,1,J,0,1,1,K,0,0,0,,0.0,1.0,JK
1986-07-04,18:20:00,7,4.0,1986,jk,nan,48.7453,-123.0889,TWM-SA-Rel,1,0,1,J,1,0,1,K,0,0,0,,0.0,1.0,JK
1986-07-05,12:30:00,7,5.0,1986,orcas,nan,48.4911,-122.9741,TWM-SA-Pub,0,0,0,,0,0,0,,0,0,0,,0.0,1.0,
1986-07-05,13:15:00,7,5.0,1986,orcas,srs,48.5065,-123.1786,TWM-SA-Pub,0,0,0,,0,0,0,,0,0,0,,0.0,1.0,
1986-07-05,13:15:00,7,5.0,1986,orcas,srs,48.5065,-123.1786,TWM-SA-Rel,0,0,0,,0,0,0,,0,0,0,,0.0,1.0,
1986-07-05,13:20:00,7,5.0,1986,orcas,srs,48.5065,-123.1786,TWM-SA-Rel,0,0,0,,0,0,0,,0,0,0,,0.0,1.0,
1986-07-05,13:25:00,7,5.0,1986,orcas,srs,48.5065,-123.1786,TWM-SA-Rel,0,0,0,,0,0,0,,0,0,0,,0.0,1.0,
1986-07-05,15:30:00,7,5.0,1986,orcas,srs,48.6562,-123.243,TWM-SA-Rel,0,0,0,,0,0,0,,0,0,0,,0.0,1.0,
1986-07-07,11:30:00,7,7.0,1986,orcas,nan,,,TWM-SA-Rel,0,0,0,,0,0,0,,0,0,0,,,,
1986-07-08,21:30:00,7,8.0,1986,orcas,nan,48.5065,-123.1786,TWM-SA-Pub,0,0,0,,0,0,0,,0,0,0,,0.0,1.0,
1986-07-10,09:45:00,7,10.0,1986,orcas,jk,48.6266,-123.1794,TWM-SA-Pub,0,1,1,J,0,1,1,K,0,0,0,,0.0,1.0,JK
1986-07-10,10:00:00,7,10.0,1986,j,jk,48.5602,-123.2168,TWM-SA-Rel,1,1,1,J,0,1,1,K,0,0,0,,0.0,1.0,JK
1986-07-10,10:05:00,7,10.0,1986,j,jk,48.5065,-123.1786,TWM-SA-Rel,1,1,1,J,0,1,1,K,0,0,0,,0.0,1.0,JK
1986-07-10,10:20:00,7,10.0,1986,j,jk,48.5065,-123.1786,TWM-SA-Rel,1,1,1,J,0,1,1,K,0,0,0,,0.0,1.0,JK
1986-07-10,10:25:00,7,10.0,1986,j,jk,48.5065,-123.1786,TWM-SA-Rel,1,1,1,J,0,1,1,K,0,0,0,,0.0,1.0,JK
1986-07-10,11:00:00,7,10.0,1986,orcas,jk,48.4454,-123.0354,TWM-SA-Pub,0,1,1,J,0,1,1,K,0,0,0,,0.0,1.0,JK
1986-07-10,14:30:00,7,10.0,1986,orcas,jk,48.6266,-123.1794,TWM-SA-Pub,0,1,1,J,0,1,1,K,0,0,0,,0.0,1.0,JK
1986-07-10,15:00:00,7,10.0,1986,k,jk,48.5602,-123.2168,TWM-SA-Rel,0,1,1,J,1,1,1,K,0,0,0,,0.0,1.0,JK
1986-07-10,15:15:00,7,10.0,1986,orcas,jk,48.5065,-123.1786,TWM-SA-Pub,0,1,1,J,0,1,1,K,0,0,0,,0.0,1.0,JK
1986-07-10,19:00:00,7,10.0,1986,jk,jk,48.5065,-123.1786,TWM-SA-Rel,1,1,1,J,1,1,1,K,0,0,0,,0.0,1.0,JK
1986-07-10,19:10:00,7,10.0,1986,jk,jk,48.5602,-123.2168,TWM-SA-Rel,1,1,1,J,1,1,1,K,0,0,0,,0.0,1.0,JK
1986-07-10,19:30:00,7,10.0,1986,jk,jk,48.5065,-123.1786,TWM-SA-Rel,1,1,1,J,1,1,1,K,0,0,0,,0.0,1.0,JK
1986-07-10,19:55:00,7,10.0,1986,orcas,jk,48.5602,-123.2168,TWM-SA-Pub,0,1,1,J,0,1,1,K,0,0,0,,0.0,1.0,JK
1986-07-10,20:37:00,7,10.0,1986,jk,jk,48.5602,-123.2168,TWM-SA-Rel,1,1,1,J,1,1,1,K,0,0,0,,0.0,1.0,JK
1986-07-13,08:45:00,7,13.0,1986,orcas,nan,48.7077,-123.2026,TWM-SA-Pub,0,0,0,,0,0,0,,0,0,0,,0.0,1.0,
1986-07-15,09:05:00,7,15.0,1986,k,klp,48.5065,-123.1786,TWM-SA-Rel,0,0,0,,1,1,1,K,0,1,1,L,0.0,1.0,KL
1986-07-15,09:05:00,7,15.0,1986,k,klp,48.5065,-123.1786,TWM-SA-Rel,0,0,0,,1,1,1,K,0,1,1,L,0.0,1.0,KL
1986-07-15,11:48:00,7,15.0,1986,k,klp,48.4454,-123.0354,TWM-SA-Rel,0,0,0,,1,1,1,K,0,1,1,L,0.0,1.0,KL
1986-07-15,12:12:00,7,15.0,1986,klp,nan,48.4454,-123.0354,TWM-SA-Rel,0,0,0,,1,0,1,K,1,0,1,L,0.0,1.0,KL
1986-07-15,13:29:00,7,15.0,1986,k,klp,48.4412,-122.9393,TWM-SA-Rel,0,0,0,,1,1,1,K,0,1,1,L,0.0,1.0,KL
1986-07-15,14:48:00,7,15.0,1986,k,klp,48.406,-122.8987,TWM-SA-Rel,0,0,0,,1,1,1,K,0,1,1,L,0.0,1.0,KL
1986-07-15,16:31:00,7,15.0,1986,klp,nan,48.4454,-123.0354,TWM-SA-Rel,0,0,0,,1,0,1,K,1,0,1,L,0.0,1.0,KL
1986-07-15,17:00:00,7,15.0,1986,klp,nan,48.4629,-123.1092,TWM-SA-Rel,0,0,0,,1,0,1,K,1,0,1,L,0.0,1.0,KL
1986-07-15,17:05:00,7,15.0,1986,k,klp,48.5065,-123.1786,TWM-SA-Rel,0,0,0,,1,1,1,K,0,1,1,L,0.0,1.0,KL
1986-07-15,17:30:00,7,15.0,1986,kl,klp,48.5065,-123.1786,TWM-SA-Rel,0,0,0,,1,1,1,K,1,1,1,L,0.0,1.0,KL
1986-07-15,17:45:00,7,15.0,1986,k,klp,48.5065,-123.1786,TWM-SA-Rel,0,0,0,,1,1,1,K,0,1,1,L,0.0,1.0,KL
1986-07-15,18:05:00,7,15.0,1986,k,klp,48.5065,-123.1786,TWM-SA-Rel,0,0,0,,1,1,1,K,0,1,1,L,0.0,1.0,KL
1986-07-15,18:15:00,7,15.0,1986,k,klp,48.5065,-123.1786,TWM-SA-Rel,0,0,0,,1,1,1,K,0,1,1,L,0.0,1.0,KL
1986-07-15,21:10:00,7,15.0,1986,klp,nan,48.5065,-123.1786,TWM-SA-Rel,0,0,0,,1,0,1,K,1,0,1,L,0.0,1.0,KL
1986-07-16,21:10:00,7,16.0,1986,k,nan,48.5065,-123.1786,TWM-SA-Rel,0,0,0,,1,0,1,K,0,0,0,,0.0,1.0,K
1986-07-17,08:00:00,7,17.0,1986,orcas,srs,48.5065,-123.1786,TWM-SA-Pub,0,0,0,,0,0,0,,0,0,0,,0.0,1.0,
1986-07-17,12:00:00,7,17.0,1986,orcas,srs,48.711,-123.2655,TWM-SA-Pub,0,0,0,,0,0,0,,0,0,0,,0.0,1.0,
1986-07-18,14:40:00,7,18.0,1986,orcas,j,48.5065,-123.1786,TWM-SA-Rel,0,1,1,J,0,0,0,,0,0,0,,0.0,1.0,J
1986-07-18,15:20:00,7,18.0,1986,j?,j,48.5065,-123.1786,TWM-SA-Rel,1,1,1,J,0,0,0,,0,0,0,,0.0,1.0,J
1986-07-18,15:28:00,7,18.0,1986,j,nan,48.5065,-123.1786,TWM-SA-Rel,1,0,1,J,0,0,0,,0,0,0,,0.0,1.0,J
1986-07-19,10:15:00,7,19.0,1986,j,nan,48.5065,-123.1786,TWM-SA-Rel,1,0,1,J,0,0,0,,0,0,0,,0.0,1.0,J
1986-07-19,10:30:00,7,19.0,1986,orcas,j,48.5602,-123.2168,TWM-SA-Pub,0,1,1,J,0,0,0,,0,0,0,,0.0,1.0,J
1986-07-19,11:00:00,7,19.0,1986,j,nan,48.5065,-123.1786,TWM-SA-Rel,1,0,1,J,0,0,0,,0,0,0,,0.0,1.0,J
1986-07-19,11:15:00,7,19.0,1986,orcas,j,48.5602,-123.2168,TWM-SA-Rel,0,1,1,J,0,0,0,,0,0,0,,0.0,1.0,J
1986-07-19,11:30:00,7,19.0,1986,orcas,j,48.5602,-123.2168,TWM-SA-Rel,0,1,1,J,0,0,0,,0,0,0,,0.0,1.0,J
1986-07-19,11:55:00,7,19.0,1986,j,nan,48.6266,-123.1794,TWM-SA-Rel,1,0,1,J,0,0,0,,0,0,0,,0.0,1.0,J
1986-07-19,12:00:00,7,19.0,1986,j,nan,48.6266,-123.1794,TWM-SA-Rel,1,0,1,J,0,0,0,,0,0,0,,0.0,1.0,J
1986-07-19,19:20:00,7,19.0,1986,orcas,nan,48.4454,-123.0354,TWM-SA-Pub,0,0,0,,0,0,0,,0,0,0,,0.0,1.0,
1986-07-20,06:30:00,7,20.0,1986,k,nan,48.5602,-123.2168,TWM-SA-Rel,0,0,0,,1,0,1,K,0,0,0,,0.0,1.0,K
1986-07-20,09:00:00,7,20.0,1986,orcas,k,48.4911,-122.9741,TWM-SA-Rel,0,0,0,,0,1,1,K,0,0,0,,0.0,1.0,K
1986-07-20,09:10:00,7,20.0,1986,k?,k,48.5602,-123.2168,TWM-SA-Rel,0,0,0,,1,1,1,K,0,0,0,,0.0,1.0,K
1986-07-20,09:30:00,7,20.0,1986,k,nan,48.5065,-123.1786,TWM-SA-Rel,0,0,0,,1,0,1,K,0,0,0,,0.0,1.0,K
1986-07-20,10:30:00,7,20.0,1986,k,nan,48.4629,-123.1092,TWM-SA-Rel,0,0,0,,1,0,1,K,0,0,0,,0.0,1.0,K
1986-07-20,11:05:00,7,20.0,1986,k,nan,48.4454,-123.0354,TWM-SA-Rel,0,0,0,,1,0,1,K,0,0,0,,0.0,1.0,K
1986-07-20,14:00:00,7,20.0,1986,k,nan,48.4629,-123.1092,TWM-SA-Rel,0,0,0,,1,0,1,K,0,0,0,,0.0,1.0,K
1986-07-20,15:00:00,7,20.0,1986,orcas,nan,48.711,-123.2655,TWM-SA-Rel,0,0,0,,0,0,0,,0,0,0,,0.0,1.0,
1986-07-20,15:55:00,7,20.0,1986,k,nan,48.5065,-123.1786,TWM-SA-Rel,0,0,0,,1,0,1,K,0,0,0,,0.0,1.0,K
1986-07-20,16:14:00,7,20.0,1986,k,nan,48.5065,-123.1786,TWM-SA-Rel,0,0,0,,1,0,1,K,0,0,0,,0.0,1.0,K
1986-07-20,16:20:00,7,20.0,1986,k,nan,48.5065,-123.1786,TWM-SA-Rel,0,0,0,,1,0,1,K,0,0,0,,0.0,1.0,K
1986-07-20,17:20:00,7,20.0,1986,k,nan,48.5065,-123.1786,TWM-SA-Rel,0,0,0,,1,0,1,K,0,0,0,,0.0,1.0,K
1986-07-20,17:30:00,7,20.0,1986,k,nan,48.5065,-123.1786,TWM-SA-Rel,0,0,0,,1,0,1,K,0,0,0,,0.0,1.0,K
1986-07-20,19:00:00,7,20.0,1986,orcas,nan,49.3357,-122.9075,TWM-SA-Pub,0,0,0,,0,0,0,,0,0,0,,0.0,0.0,
1986-07-21,09:30:00,7,21.0,1986,orcas,klp,48.5602,-123.2168,TWM-SA-Rel,0,0,0,,0,1,1,K,0,1,1,L,0.0,1.0,KL
1986-07-21,11:30:00,7,21.0,1986,klp,nan,48.5065,-123.1786,TWM-SA-Rel,0,0,0,,1,0,1,K,1,0,1,L,0.0,1.0,KL
1986-07-21,12:56:00,7,21.0,1986,klp,nan,48.5065,-123.1786,TWM-SA-Rel,0,0,0,,1,0,1,K,1,0,1,L,0.0,1.0,KL
1986-07-21,13:00:00,7,21.0,1986,k,klp,48.5602,-123.2168,TWM-SA-Rel,0,0,0,,1,1,1,K,0,1,1,L,0.0,1.0,KL
1986-07-21,18:30:00,7,21.0,1986,orcas,nan,48.5602,-123.2168,TWM-SA-Pub,0,0,0,,0,0,0,,0,0,0,,0.0,1.0,
1986-07-21,19:00:00,7,21.0,1986,orcas,nan,49.2799,-123.1587,TWM-SA-Pub,0,0,0,,0,0,0,,0,0,0,,0.0,1.0,
1986-07-21,19:50:00,7,21.0,1986,orcas,nan,48.5065,-123.1786,TWM-SA-Pub,0,0,0,,0,0,0,,0,0,0,,0.0,1.0,
1986-07-22,07:29:00,7,22.0,1986,orcas,jklp,48.5065,-123.1786,TWM-SA-Rel,0,1,1,J,0,1,1,K,0,1,1,L,0.0,1.0,JKL
1986-07-22,10:30:00,7,22.0,1986,k,jklp,48.5065,-123.1786,TWM-SA-Rel,0,1,1,J,1,1,1,K,0,1,1,L,0.0,1.0,JKL
1986-07-22,11:00:00,7,22.0,1986,orcas,jklp,48.4629,-123.1092,TWM-SA-Pub,0,1,1,J,0,1,1,K,0,1,1,L,0.0,1.0,JKL
1986-07-22,13:05:00,7,22.0,1986,j?,jklp,48.5065,-123.1786,TWM-SA-Rel,1,1,1,J,0,1,1,K,0,1,1,L,0.0,1.0,JKL
1986-07-22,13:20:00,7,22.0,1986,jk,jklp,48.5065,-123.1786,TWM-SA-Rel,1,1,1,J,1,1,1,K,0,1,1,L,0.0,1.0,JKL
1986-07-22,13:27:00,7,22.0,1986,klp,jklp,48.5065,-123.1786,TWM-SA-Rel,0,1,1,J,1,1,1,K,1,1,1,L,0.0,1.0,JKL
1986-07-22,14:10:00,7,22.0,1986,jklp,nan,48.5065,-123.1786,TWM-SA-Rel,1,0,1,J,1,0,1,K,1,0,1,L,0.0,1.0,JKL
1986-07-22,16:05:00,7,22.0,1986,jk,jklp,48.6266,-123.1794,TWM-SA-Rel,1,1,1,J,1,1,1,K,0,1,1,L,0.0,1.0,JKL
1986-07-22,18:15:00,7,22.0,1986,jk,jklp,48.7399,-123.1448,TWM-SA-Rel,1,1,1,J,1,1,1,K,0,1,1,L,0.0,1.0,JKL
1986-07-23,16:15:00,7,23.0,1986,orcas,k?,48.7183,-122.9285,TWM-SA-Pub,0,0,0,,0,1,1,K,0,0,0,,0.0,1.0,K
1986-07-23,17:00:00,7,23.0,1986,orcas,k,48.6617,-123.014,TWM-SA-Pub,0,0,0,,0,1,1,K,0,0,0,,0.0,1.0,K
1986-07-23,18:15:00,7,23.0,1986,k,nan,48.5386,-122.9544,TWM-SA-Pub,0,0,0,,1,0,1,K,0,0,0,,0.0,1.0,K
1986-07-23,18:40:00,7,23.0,1986,orcas,k,48.5386,-122.9544,TWM-SA-Pub,0,0,0,,0,1,1,K,0,0,0,,0.0,1.0,K
1986-07-23,19:00:00,7,23.0,1986,orcas,k,48.4911,-122.9741,TWM-SA-Pub,0,0,0,,0,1,1,K,0,0,0,,0.0,1.0,K
1986-07-23,19:00:00,7,23.0,1986,orcas,k,48.4911,-122.9741,TWM-SA-Pub,0,0,0,,0,1,1,K,0,0,0,,0.0,1.0,K
1986-07-23,21:00:00,7,23.0,1986,orcas,k,48.5065,-123.1786,TWM-SA-Pub,0,0,0,,0,1,1,K,0,0,0,,0.0,1.0,K
1986-07-24,02:15:00,7,24.0,1986,orcas,jk,48.5065,-123.1786,TWM-SA-Rel,0,1,1,J,0,1,1,K,0,0,0,,0.0,1.0,JK
1986-07-24,04:50:00,7,24.0,1986,orcas,jk,48.5065,-123.1786,TWM-SA-Rel,0,1,1,J,0,1,1,K,0,0,0,,0.0,1.0,JK
1986-07-24,08:17:00,7,24.0,1986,orcas,jk,48.5065,-123.1786,TWM-SA-Rel,0,1,1,J,0,1,1,K,0,0,0,,0.0,1.0,JK
1986-07-24,10:30:00,7,24.0,1986,jk,nan,48.5065,-123.1786,TWM-SA-Rel,1,0,1,J,1,0,1,K,0,0,0,,0.0,1.0,JK
1986-07-24,12:45:00,7,24.0,1986,jk,nan,48.5602,-123.2168,TWM-SA-Rel,1,0,1,J,1,0,1,K,0,0,0,,0.0,1.0,JK
1986-07-24,13:00:00,7,24.0,1986,orcas,jk,48.5602,-123.2168,TWM-SA-Pub,0,1,1,J,0,1,1,K,0,0,0,,0.0,1.0,JK
1986-07-24,14:00:00,7,24.0,1986,jk,nan,48.6266,-123.1794,TWM-SA-Rel,1,0,1,J,1,0,1,K,0,0,0,,0.0,1.0,JK
1986-07-24,19:00:00,7,24.0,1986,orcas,jk,48.5602,-123.2168,TWM-SA-Pub,0,1,1,J,0,1,1,K,0,0,0,,0.0,1.0,JK
1986-07-24,19:00:00,7,24.0,1986,orcas,jk,48.5602,-123.2168,TWM-SA-Pub,0,1,1,J,0,1,1,K,0,0,0,,0.0,1.0,JK
1986-07-24,20:24:00,7,24.0,1986,orcas,jk,48.5065,-123.1786,TWM-SA-Rel,0,1,1,J,0,1,1,K,0,0,0,,0.0,1.0,JK
1986-07-25,04:00:00,7,25.0,1986,orcas,k,48.5065,-123.1786,TWM-SA-Rel,0,0,0,,0,1,1,K,0,0,0,,0.0,1.0,K
1986-07-25,06:37:00,7,25.0,1986,k,nan,48.5065,-123.1786,TWM-SA-Rel,0,0,0,,1,0,1,K,0,0,0,,0.0,1.0,K
1986-07-25,09:30:00,7,25.0,1986,orcas,srs,49.2729,-123.2873,TWM-SA-Pub,0,0,0,,0,0,0,,0,0,0,,0.0,1.0,
1986-07-25,14:00:00,7,25.0,1986,orcas,srs,48.9892,-123.1057,TWM-SA-Pub,0,0,0,,0,0,0,,0,0,0,,0.0,1.0,
1986-07-25,15:45:00,7,25.0,1986,orcas,nan,48.4489,-122.7675,TWM-SA-Pub,0,0,0,,0,0,0,,0,0,0,,0.0,1.0,
1986-07-26,07:20:00,7,26.0,1986,k?,k,48.4454,-123.0354,TWM-SA-Rel,0,0,0,,1,1,1,K,0,0,0,,0.0,1.0,K
1986-07-26,09:25:00,7,26.0,1986,k,nan,48.5065,-123.1786,TWM-SA-Rel,0,0,0,,1,0,1,K,0,0,0,,0.0,1.0,K
1986-07-26,10:20:00,7,26.0,1986,k,nan,48.5065,-123.1786,TWM-SA-Rel,0,0,0,,1,0,1,K,0,0,0,,0.0,1.0,K
1986-07-26,10:50:00,7,26.0,1986,orcas,k,48.5602,-123.2168,TWM-SA-Rel,0,0,0,,0,1,1,K,0,0,0,,0.0,1.0,K
1986-07-26,11:55:00,7,26.0,1986,jk,nan,48.5065,-123.1786,TWM-SA-Rel,1,0,1,J,1,0,1,K,0,0,0,,0.0,1.0,JK
1986-07-26,12:30:00,7,26.0,1986,k,jk,48.5065,-123.1786,TWM-SA-Rel,0,1,1,J,1,1,1,K,0,0,0,,0.0,1.0,JK
1986-07-26,15:00:00,7,26.0,1986,orcas,jk,48.4412,-122.9393,TWM-SA-Rel,0,1,1,J,0,1,1,K,0,0,0,,0.0,1.0,JK
1986-07-26,18:14:00,7,26.0,1986,jk,nan,48.3627,-123.0314,TWM-SA-Rel,1,0,1,J,1,0,1,K,0,0,0,,0.0,1.0,JK
1986-07-26,,7,26.0,1986,orcas,nan,,,TWM-SA-Pub,0,0,0,,0,0,0,,0,0,0,,,,
1986-07-28,20:30:00,7,28.0,1986,orcas,nan,48.5602,-123.2168,TWM-SA-Pub,0,0,0,,0,0,0,,0,0,0,,0.0,1.0,
1986-07-29,09:30:00,7,29.0,1986,k,nan,48.5065,-123.1786,TWM-SA-Rel,0,0,0,,1,0,1,K,0,0,0,,0.0,1.0,K
1986-07-29,10:00:00,7,29.0,1986,k,nan,48.5065,-123.1786,TWM-SA-Rel,0,0,0,,1,0,1,K,0,0,0,,0.0,1.0,K
1986-07-29,16:00:00,7,29.0,1986,orcas,k,48.406,-122.8987,TWM-SA-Pub,0,0,0,,0,1,1,K,0,0,0,,0.0,1.0,K
1986-07-29,17:45:00,7,29.0,1986,orcas,k,48.4412,-122.9393,TWM-SA-Pub,0,0,0,,0,1,1,K,0,0,0,,0.0,1.0,K
1986-07-29,17:45:00,7,29.0,1986,orcas,k,48.4412,-122.9393,TWM-SA-Pub,0,0,0,,0,1,1,K,0,0,0,,0.0,1.0,K
1986-07-29,19:00:00,7,29.0,1986,k,nan,48.5065,-123.1786,TWM-SA-Rel,0,0,0,,1,0,1,K,0,0,0,,0.0,1.0,K
1986-07-29,,7,29.0,1986,orcas,nan,48.5065,-123.1786,TWM-SA-Pub,0,0,0,,0,0,0,,0,0,0,,0.0,1.0,
1986-07-30,07:00:00,7,30.0,1986,orcas,nan,48.5602,-123.2168,TWM-SA-Rel,0,0,0,,0,0,0,,0,0,0,,0.0,1.0,
1986-07-30,13:45:00,7,30.0,1986,j,nan,48.5602,-123.2168,TWM-SA-Rel,1,0,1,J,0,0,0,,0,0,0,,0.0,1.0,J
1986-07-30,15:47:00,7,30.0,1986,j,nan,48.5065,-123.1786,TWM-SA-Rel,1,0,1,J,0,0,0,,0,0,0,,0.0,1.0,J
1986-07-30,16:00:00,7,30.0,1986,orcas,j,48.5065,-123.1786,TWM-SA-Pub,0,1,1,J,0,0,0,,0,0,0,,0.0,1.0,J
1986-07-30,17:45:00,7,30.0,1986,j,nan,48.4454,-123.0354,TWM-SA-Rel,1,0,1,J,0,0,0,,0,0,0,,0.0,1.0,J
1986-07-30,17:56:00,7,30.0,1986,j,nan,48.4454,-123.0354,TWM-SA-Rel,1,0,1,J,0,0,0,,0,0,0,,0.0,1.0,J
1986-07-31,09:30:00,7,31.0,1986,orcas,srs,48.8053,-122.8315,TWM-SA-Pub,0,0,0,,0,0,0,,0,0,0,,0.0,1.0,
1986-07-31,10:55:00,7,31.0,1986,orcas,srs,48.5602,-123.2168,TWM-SA-Rel,0,0,0,,0,0,0,,0,0,0,,0.0,1.0,
1986-08-01,09:00:00,8,1.0,1986,orcas,kl,48.7254,-123.0196,TWM-SA-Pub,0,0,0,,0,1,1,K,0,1,1,L,0.0,1.0,KL
1986-08-01,12:30:00,8,1.0,1986,orcas,kl,48.711,-123.2655,TWM-SA-Pub,0,0,0,,0,1,1,K,0,1,1,L,0.0,1.0,KL
1986-08-01,14:10:00,8,1.0,1986,orcas,kl,48.5065,-123.1786,TWM-SA-Rel,0,0,0,,0,1,1,K,0,1,1,L,0.0,1.0,KL
1986-08-01,14:27:00,8,1.0,1986,orcas,kl,48.5065,-123.1786,TWM-SA-Rel,0,0,0,,0,1,1,K,0,1,1,L,0.0,1.0,KL
1986-08-01,14:40:00,8,1.0,1986,l,kl,48.5065,-123.1786,TWM-SA-Rel,0,0,0,,0,1,1,K,1,1,1,L,0.0,1.0,KL
1986-08-01,14:53:00,8,1.0,1986,kl,kl,48.5065,-123.1786,TWM-SA-Rel,0,0,0,,1,1,1,K,1,1,1,L,0.0,1.0,KL
1986-08-01,15:00:00,8,1.0,1986,orcas,nan,48.711,-123.2655,TWM-SA-Pub,0,0,0,,0,0,0,,0,0,0,,0.0,1.0,
1986-08-01,15:30:00,8,1.0,1986,orcas,kl,48.4629,-123.1092,TWM-SA-Rel,0,0,0,,0,1,1,K,0,1,1,L,0.0,1.0,KL
1986-08-01,15:30:00,8,1.0,1986,k,kl,48.4629,-123.1092,TWM-SA-Rel,0,0,0,,1,1,1,K,0,1,1,L,0.0,1.0,KL
1986-08-01,17:00:00,8,1.0,1986,k,kl,48.4412,-122.9393,TWM-SA-Rel,0,0,0,,1,1,1,K,0,1,1,L,0.0,1.0,KL
1986-08-03,12:00:00,8,3.0,1986,orcas,srs,48.3526,-123.8284,TWM-SA-Rel,0,0,0,,0,0,0,,0,0,0,,0.0,1.0,
1986-08-05,,8,5.0,1986,l,nan,,,TWM-SA-Pub,0,0,0,,0,0,0,,1,0,1,L,,,L
1986-08-06,10:45:00,8,6.0,1986,orcas,jklp,48.5065,-123.1786,TWM-SA-Pub,0,1,1,J,0,1,1,K,0,1,1,L,0.0,1.0,JKL
1986-08-06,11:30:00,8,6.0,1986,orcas,jklp,48.4454,-123.0354,TWM-SA-Pub,0,1,1,J,0,1,1,K,0,1,1,L,0.0,1.0,JKL
1986-08-06,11:45:00,8,6.0,1986,jk,jklp,48.4629,-123.1092,TWM-SA-Rel,1,1,1,J,1,1,1,K,0,1,1,L,0.0,1.0,JKL
1986-08-06,12:11:00,8,6.0,1986,orcas,jklp,48.4454,-123.0354,TWM-SA-Rel,0,1,1,J,0,1,1,K,0,1,1,L,0.0,1.0,JKL
1986-08-06,12:30:00,8,6.0,1986,jklp,nan,48.4062,-123.0313,TWM-SA-Rel,1,0,1,J,1,0,1,K,1,0,1,L,0.0,1.0,JKL
1986-08-06,14:33:00,8,6.0,1986,jklp,nan,48.3627,-123.0314,TWM-SA-Rel,1,0,1,J,1,0,1,K,1,0,1,L,0.0,1.0,JKL
1986-08-06,15:45:00,8,6.0,1986,jk,jklp,48.3627,-123.0314,TWM-SA-Rel,1,1,1,J,1,1,1,K,0,1,1,L,0.0,1.0,JKL
1986-08-07,08:30:00,8,7.0,1986,orcas,srs,48.4454,-123.0354,TWM-SA-Pub,0,0,0,,0,0,0,,0,0,0,,0.0,1.0,
1986-08-07,10:20:00,8,7.0,1986,orcas,nan,48.0625,-122.4045,TWM-SA-Pub,0,0,0,,0,0,0,,0,0,0,,1.0,0.0,
1986-08-07,10:21:00,8,7.0,1986,jk,nan,48.5065,-123.1786,TWM-SA-Rel,1,0,1,J,1,0,1,K,0,0,0,,0.0,1.0,JK
1986-08-07,11:45:00,8,7.0,1986,jk,nan,48.4629,-123.1092,TWM-SA-Rel,1,0,1,J,1,0,1,K,0,0,0,,0.0,1.0,JK
1986-08-07,12:15:00,8,7.0,1986,jk,nan,48.5065,-123.1786,TWM-SA-Rel,1,0,1,J,1,0,1,K,0,0,0,,0.0,1.0,JK
1986-08-07,12:35:00,8,7.0,1986,l,nan,48.6266,-123.1794,TWM-SA-Rel,0,0,0,,0,0,0,,1,0,1,L,0.0,1.0,L
1986-08-07,14:40:00,8,7.0,1986,k,nan,48.711,-123.2655,TWM-SA-Rel,0,0,0,,1,0,1,K,0,0,0,,0.0,1.0,K
1986-08-07,15:00:00,8,7.0,1986,orcas,nan,48.3526,-123.8284,TWM-SA-Rel,0,0,0,,0,0,0,,0,0,0,,0.0,1.0,
1986-08-07,15:00:00,8,7.0,1986,jl,nan,48.7453,-123.0889,TWM-SA-Rel,1,0,1,J,0,0,0,,1,0,1,L,0.0,1.0,JL
1986-08-07,15:45:00,8,7.0,1986,jk,nan,48.3627,-123.0314,TWM-SA-Rel,1,0,1,J,1,0,1,K,0,0,0,,0.0,1.0,JK
1986-08-07,16:00:00,8,7.0,1986,kl,nan,48.7453,-123.0889,TWM-SA-Rel,0,0,0,,1,0,1,K,1,0,1,L,0.0,1.0,KL
1986-08-07,18:00:00,8,7.0,1986,orcas,nan,48.2313,-122.6706,TWM-SA-Pub,0,0,0,,0,0,0,,0,0,0,,0.0,1.0,
1986-08-07,,8,7.0,1986,orcas,srs,48.5065,-123.1786,TWM-SA-Rel,0,0,0,,0,0,0,,0,0,0,,0.0,1.0,
1986-08-08,13:00:00,8,8.0,1986,orcas,nan,48.6617,-123.014,TWM-SA-Pub,0,0,0,,0,0,0,,0,0,0,,0.0,1.0,
1986-08-08,14:25:00,8,8.0,1986,j,nan,48.406,-122.8987,TWM-SA-Rel,1,0,1,J,0,0,0,,0,0,0,,0.0,1.0,J
1986-08-08,14:48:00,8,8.0,1986,j,nan,48.4454,-123.0354,TWM-SA-Rel,1,0,1,J,0,0,0,,0,0,0,,0.0,1.0,J
1986-08-08,15:00:00,8,8.0,1986,j,nan,48.4454,-123.0354,TWM-SA-Rel,1,0,1,J,0,0,0,,0,0,0,,0.0,1.0,J
1986-08-08,15:18:00,8,8.0,1986,j,nan,48.4629,-123.1092,TWM-SA-Rel,1,0,1,J,0,0,0,,0,0,0,,0.0,1.0,J
1986-08-08,15:24:00,8,8.0,1986,j,nan,48.5065,-123.1786,TWM-SA-Rel,1,0,1,J,0,0,0,,0,0,0,,0.0,1.0,J
1986-08-08,15:30:00,8,8.0,1986,orcas,srs,49.0114,-123.1627,TWM-SA-Pub,0,0,0,,0,0,0,,0,0,0,,0.0,1.0,
1986-08-08,15:35:00,8,8.0,1986,j,nan,48.5065,-123.1786,TWM-SA-Rel,1,0,1,J,0,0,0,,0,0,0,,0.0,1.0,J
1986-08-08,15:46:00,8,8.0,1986,j,nan,48.5065,-123.1786,TWM-SA-Rel,1,0,1,J,0,0,0,,0,0,0,,0.0,1.0,J
1986-08-08,15:54:00,8,8.0,1986,j,nan,48.5602,-123.2168,TWM-SA-Rel,1,0,1,J,0,0,0,,0,0,0,,0.0,1.0,J
1986-08-08,16:00:00,8,8.0,1986,j,nan,48.6266,-123.1794,TWM-SA-Rel,1,0,1,J,0,0,0,,0,0,0,,0.0,1.0,J
1986-08-08,17:09:00,8,8.0,1986,j,nan,48.6266,-123.1794,TWM-SA-Rel,1,0,1,J,0,0,0,,0,0,0,,0.0,1.0,J
1986-08-09,11:00:00,8,9.0,1986,l,nan,48.5065,-123.1786,TWM-SA-Rel,0,0,0,,0,0,0,,1,0,1,L,0.0,1.0,L
1986-08-09,11:30:00,8,9.0,1986,l,nan,48.5065,-123.1786,TWM-SA-Rel,0,0,0,,0,0,0,,1,0,1,L,0.0,1.0,L
1986-08-09,14:30:00,8,9.0,1986,l,nan,48.4079,-123.39,TWM-SA-Pub,0,0,0,,0,0,0,,1,0,1,L,0.0,1.0,L
1986-08-09,18:00:00,8,9.0,1986,orcas,nan,47.2995,-122.5334,TWM-SA-Pub,0,0,0,,0,0,0,,0,0,0,,1.0,0.0,
1986-08-09,,8,9.0,1986,l,nan,48.4629,-123.1092,TWM-SA-Pub,0,0,0,,0,0,0,,1,0,1,L,0.0,1.0,L
1986-08-10,16:00:00,8,10.0,1986,orcas,nan,48.4412,-122.9393,TWM-SA-Pub,0,0,0,,0,0,0,,0,0,0,,0.0,1.0,
1986-08-12,11:30:00,8,12.0,1986,jk,nan,48.5602,-123.2168,TWM-SA-Rel,1,0,1,J,1,0,1,K,0,0,0,,0.0,1.0,JK
1986-08-12,13:15:00,8,12.0,1986,k,jk,48.6266,-123.1794,TWM-SA-Rel,0,1,1,J,1,1,1,K,0,0,0,,0.0,1.0,JK
1986-08-13,16:30:00,8,13.0,1986,orcas,srs,48.5065,-123.1786,TWM-SA-Rel,0,0,0,,0,0,0,,0,0,0,,0.0,1.0,
1986-08-14,09:50:00,8,14.0,1986,k,nan,48.5065,-123.1786,TWM-SA-Rel,0,0,0,,1,0,1,K,0,0,0,,0.0,1.0,K
1986-08-14,09:50:00,8,14.0,1986,k,nan,48.5065,-123.1786,TWM-SA-Rel,0,0,0,,1,0,1,K,0,0,0,,0.0,1.0,K
1986-08-14,10:00:00,8,14.0,1986,orcas,k,48.5065,-123.1786,TWM-SA-Pub,0,0,0,,0,1,1,K,0,0,0,,0.0,1.0,K
1986-08-14,10:20:00,8,14.0,1986,k,nan,48.5065,-123.1786,TWM-SA-Rel,0,0,0,,1,0,1,K,0,0,0,,0.0,1.0,K
1986-08-14,10:30:00,8,14.0,1986,orcas,k,48.5602,-123.2168,TWM-SA-Pub,0,0,0,,0,1,1,K,0,0,0,,0.0,1.0,K
1986-08-14,12:00:00,8,14.0,1986,orcas,k,48.711,-123.2655,TWM-SA-Pub,0,0,0,,0,1,1,K,0,0,0,,0.0,1.0,K
1986-08-15,13:45:00,8,15.0,1986,orcas,srs,48.5065,-123.1786,TWM-SA-Rel,0,0,0,,0,0,0,,0,0,0,,0.0,1.0,
1986-08-15,13:50:00,8,15.0,1986,orcas,srs,48.5065,-123.1786,TWM-SA-Rel,0,0,0,,0,0,0,,0,0,0,,0.0,1.0,
1986-08-15,14:10:00,8,15.0,1986,orcas,srs,48.5602,-123.2168,TWM-SA-Pub,0,0,0,,0,0,0,,0,0,0,,0.0,1.0,
1986-08-15,14:45:00,8,15.0,1986,orcas,srs,48.5065,-123.1786,TWM-SA-Rel,0,0,0,,0,0,0,,0,0,0,,0.0,1.0,
1986-08-16,10:15:00,8,16.0,1986,orcas,jk,48.5065,-123.1786,TWM-SA-Rel,0,1,1,J,0,1,1,K,0,0,0,,0.0,1.0,JK
1986-08-16,10:30:00,8,16.0,1986,jk,nan,48.5065,-123.1786,TWM-SA-Rel,1,0,1,J,1,0,1,K,0,0,0,,0.0,1.0,JK
1986-08-16,10:45:00,8,16.0,1986,jk,nan,48.5065,-123.1786,TWM-SA-Pub,1,0,1,J,1,0,1,K,0,0,0,,0.0,1.0,JK
1986-08-16,18:30:00,8,16.0,1986,orcas,jk,48.9892,-123.1057,TWM-SA-Pub,0,1,1,J,0,1,1,K,0,0,0,,0.0,1.0,JK
1986-08-17,10:00:00,8,17.0,1986,orcas,srs,48.9892,-123.1057,TWM-SA-Pub,0,0,0,,0,0,0,,0,0,0,,0.0,1.0,
1986-08-17,12:00:00,8,17.0,1986,orcas,srs,48.7629,-122.896,TWM-SA-Pub,0,0,0,,0,0,0,,0,0,0,,0.0,1.0,
1986-08-17,12:00:00,8,17.0,1986,orcas,srs,48.7629,-122.896,TWM-SA-Pub,0,0,0,,0,0,0,,0,0,0,,0.0,1.0,
1986-08-17,20:00:00,8,17.0,1986,orcas,srs,48.711,-123.2655,TWM-SA-Pub,0,0,0,,0,0,0,,0,0,0,,0.0,1.0,
1986-08-17,,8,17.0,1986,orcas,srs,48.7629,-122.896,TWM-SA-Pub,0,0,0,,0,0,0,,0,0,0,,0.0,1.0,
1986-08-20,12:30:00,8,20.0,1986,orcas,srs,48.8488,-123.3539,TWM-SA-Pub,0,0,0,,0,0,0,,0,0,0,,0.0,1.0,
1986-08-20,14:40:00,8,20.0,1986,orcas,nan,48.4412,-122.9393,TWM-SA-Pub,0,0,0,,0,0,0,,0,0,0,,0.0,1.0,
1986-08-20,,8,20.0,1986,orcas,srs,47.2995,-122.5334,TWM-SA-Pub,0,0,0,,0,0,0,,0,0,0,,1.0,0.0,
1986-08-21,09:00:00,8,21.0,1986,orcas,l,48.5065,-123.1786,TWM-SA-Rel,0,0,0,,0,0,0,,0,1,1,L,0.0,1.0,L
1986-08-21,09:45:00,8,21.0,1986,orcas,l,48.5065,-123.1786,TWM-SA-Pub,0,0,0,,0,0,0,,0,1,1,L,0.0,1.0,L
1986-08-21,10:00:00,8,21.0,1986,l,nan,48.5065,-123.1786,TWM-SA-Rel,0,0,0,,0,0,0,,1,0,1,L,0.0,1.0,L
1986-08-21,10:30:00,8,21.0,1986,orcas,l,48.5602,-123.2168,TWM-SA-Pub,0,0,0,,0,0,0,,0,1,1,L,0.0,1.0,L
1986-08-21,11:00:00,8,21.0,1986,j,nan,48.406,-122.8987,TWM-SA-Rel,1,0,1,J,0,0,0,,0,0,0,,0.0,1.0,J
1986-08-21,11:00:00,8,21.0,1986,l,nan,48.6266,-123.1794,TWM-SA-Rel,0,0,0,,0,0,0,,1,0,1,L,0.0,1.0,L
1986-08-21,13:00:00,8,21.0,1986,orcas,l,48.6266,-123.1794,TWM-SA-Pub,0,0,0,,0,0,0,,0,1,1,L,0.0,1.0,L
1986-08-22,13:45:00,8,22.0,1986,orcas,j,48.4054,-122.8301,TWM-SA-Pub,0,1,1,J,0,0,0,,0,0,0,,0.0,1.0,J
1986-08-22,15:10:00,8,22.0,1986,orcas,j,48.5065,-123.1786,TWM-SA-Rel,0,1,1,J,0,0,0,,0,0,0,,0.0,1.0,J
1986-08-22,15:15:00,8,22.0,1986,j,nan,48.4454,-123.0354,TWM-SA-Rel,1,0,1,J,0,0,0,,0,0,0,,0.0,1.0,J
1986-08-22,15:45:00,8,22.0,1986,j,nan,48.4412,-122.9393,TWM-SA-Rel,1,0,1,J,0,0,0,,0,0,0,,0.0,1.0,J
1986-08-22,17:00:00,8,22.0,1986,j,nan,48.5065,-123.1786,TWM-SA-Rel,1,0,1,J,0,0,0,,0,0,0,,0.0,1.0,J
1986-08-23,15:05:00,8,23.0,1986,orcas,jl,48.5065,-123.1786,TWM-SA-Rel,0,1,1,J,0,0,0,,0,1,1,L,0.0,1.0,JL
1986-08-23,15:20:00,8,23.0,1986,orcas,jl,48.5065,-123.1786,TWM-SA-Pub,0,1,1,J,0,0,0,,0,1,1,L,0.0,1.0,JL
1986-08-23,15:50:00,8,23.0,1986,orcas,jl,48.5602,-123.2168,TWM-SA-Pub,0,1,1,J,0,0,0,,0,1,1,L,0.0,1.0,JL
1986-08-23,16:00:00,8,23.0,1986,orcas,jl,48.5602,-123.2168,TWM-SA-Rel,0,1,1,J,0,0,0,,0,1,1,L,0.0,1.0,JL
1986-08-23,16:50:00,8,23.0,1986,jl,nan,48.6266,-123.1794,TWM-SA-Rel,1,0,1,J,0,0,0,,1,0,1,L,0.0,1.0,JL
1986-08-24,14:00:00,8,24.0,1986,orcas,srs,48.8053,-122.8315,TWM-SA-Pub,0,0,0,,0,0,0,,0,0,0,,0.0,1.0,
1986-08-24,17:20:00,8,24.0,1986,orcas,srs,48.6617,-123.014,TWM-SA-Pub,0,0,0,,0,0,0,,0,0,0,,0.0,1.0,
1986-08-24,,8,24.0,1986,orcas,srs,48.7077,-123.2026,TWM-SA-Pub,0,0,0,,0,0,0,,0,0,0,,0.0,1.0,
1986-08-25,11:00:00,8,25.0,1986,kl,nan,48.3155,-123.5625,TWM-SA-Rel,0,0,0,,1,0,1,K,1,0,1,L,0.0,1.0,KL
1986-08-25,17:00:00,8,25.0,1986,kl,nan,48.3155,-123.5625,TWM-SA-Rel,0,0,0,,1,0,1,K,1,0,1,L,0.0,1.0,KL
1986-08-26,13:30:00,8,26.0,1986,orcas,nan,48.5065,-123.1786,TWM-SA-Pub,0,0,0,,0,0,0,,0,0,0,,0.0,1.0,
1986-08-26,17:00:00,8,26.0,1986,orcas,nan,47.5483,-122.4917,TWM-SA-Pub,0,0,0,,0,0,0,,0,0,0,,1.0,0.0,
1986-08-27,,8,27.0,1986,orcas,nan,48.4629,-123.1092,TWM-SA-Pub,0,0,0,,0,0,0,,0,0,0,,0.0,1.0,
1986-08-28,15:20:00,8,28.0,1986,orcas,nan,47.5483,-122.4917,TWM-SA-Pub,0,0,0,,0,0,0,,0,0,0,,1.0,0.0,
1986-08-29,11:00:00,8,29.0,1986,orcas,j,48.6893,-123.0823,TWM-SA-Pub,0,1,1,J,0,0,0,,0,0,0,,0.0,1.0,J
1986-08-29,14:38:00,8,29.0,1986,j,nan,48.5602,-123.2168,TWM-SA-Rel,1,0,1,J,0,0,0,,0,0,0,,0.0,1.0,J
1986-08-29,15:00:00,8,29.0,1986,j,nan,48.5065,-123.1786,TWM-SA-Rel,1,0,1,J,0,0,0,,0,0,0,,0.0,1.0,J
1986-08-29,15:45:00,8,29.0,1986,orcas,j,48.4629,-123.1092,TWM-SA-Rel,0,1,1,J,0,0,0,,0,0,0,,0.0,1.0,J
1986-08-30,09:05:00,8,30.0,1986,orcas,srs,48.5602,-123.2168,TWM-SA-Pub,0,0,0,,0,0,0,,0,0,0,,0.0,1.0,
1986-08-30,09:30:00,8,30.0,1986,orcas,srs,48.5065,-123.1786,TWM-SA-Rel,0,0,0,,0,0,0,,0,0,0,,0.0,1.0,
1986-08-30,10:00:00,8,30.0,1986,orcas,srs,48.5602,-123.2168,TWM-SA-Pub,0,0,0,,0,0,0,,0,0,0,,0.0,1.0,
1986-08-30,10:25:00,8,30.0,1986,orcas,srs,48.5602,-123.2168,TWM-SA-Pub,0,0,0,,0,0,0,,0,0,0,,0.0,1.0,
1986-08-30,10:30:00,8,30.0,1986,orcas,srs,48.5602,-123.2168,TWM-SA-Rel,0,0,0,,0,0,0,,0,0,0,,0.0,1.0,
1986-08-30,15:45:00,8,30.0,1986,orcas,srs,48.7399,-123.1448,TWM-SA-Rel,0,0,0,,0,0,0,,0,0,0,,0.0,1.0,
1986-08-30,17:00:00,8,30.0,1986,orcas,srs,48.7453,-123.0889,TWM-SA-Rel,0,0,0,,0,0,0,,0,0,0,,0.0,1.0,
1986-08-30,17:30:00,8,30.0,1986,orcas,srs,49.0114,-123.1627,TWM-SA-Pub,0,0,0,,0,0,0,,0,0,0,,0.0,1.0,
1986-08-31,15:25:00,8,31.0,1986,orcas,srs,48.5065,-123.1786,TWM-SA-Pub,0,0,0,,0,0,0,,0,0,0,,0.0,1.0,
1986-08-31,15:30:00,8,31.0,1986,orcas,srs,48.5065,-123.1786,TWM-SA-Pub,0,0,0,,0,0,0,,0,0,0,,0.0,1.0,
1986-09-01,07:15:00,9,1.0,1986,orcas,srs,48.5065,-123.1786,TWM-SA-Pub,0,0,0,,0,0,0,,0,0,0,,0.0,1.0,
1986-09-01,07:30:00,9,1.0,1986,orcas,srs,48.5065,-123.1786,TWM-SA-Pub,0,0,0,,0,0,0,,0,0,0,,0.0,1.0,
1986-09-01,,9,1.0,1986,orcas,nan,48.7077,-123.2026,TWM-SA-Pub,0,0,0,,0,0,0,,0,0,0,,0.0,1.0,
1986-09-02,15:50:00,9,2.0,1986,j,nan,48.5602,-123.2168,TWM-SA-Rel,1,0,1,J,0,0,0,,0,0,0,,0.0,1.0,J
1986-09-03,16:10:00,9,3.0,1986,orcas,jk,48.5065,-123.1786,TWM-SA-Rel,0,1,1,J,0,1,1,K,0,0,0,,0.0,1.0,JK
1986-09-03,16:24:00,9,3.0,1986,orcas,jk,48.5065,-123.1786,TWM-SA-Rel,0,1,1,J,0,1,1,K,0,0,0,,0.0,1.0,JK
1986-09-03,16:30:00,9,3.0,1986,jk,nan,48.5065,-123.1786,TWM-SA-Rel,1,0,1,J,1,0,1,K,0,0,0,,0.0,1.0,JK
1986-09-03,16:45:00,9,3.0,1986,orcas,jk,48.5065,-123.1786,TWM-SA-Pub,0,1,1,J,0,1,1,K,0,0,0,,0.0,1.0,JK
1986-09-03,16:55:00,9,3.0,1986,orcas,jk,48.4629,-123.1092,TWM-SA-Pub,0,1,1,J,0,1,1,K,0,0,0,,0.0,1.0,JK
1986-09-03,17:25:00,9,3.0,1986,orcas,jk,48.4629,-123.1092,TWM-SA-Pub,0,1,1,J,0,1,1,K,0,0,0,,0.0,1.0,JK
1986-09-03,17:50:00,9,3.0,1986,orcas,jk,48.4454,-123.0354,TWM-SA-Pub,0,1,1,J,0,1,1,K,0,0,0,,0.0,1.0,JK
1986-09-03,19:00:00,9,3.0,1986,orcas,jk,48.4629,-123.1092,TWM-SA-Pub,0,1,1,J,0,1,1,K,0,0,0,,0.0,1.0,JK
1986-09-03,20:00:00,9,3.0,1986,orcas,jk,48.5065,-123.1786,TWM-SA-Pub,0,1,1,J,0,1,1,K,0,0,0,,0.0,1.0,JK
1986-09-04,,9,4.0,1986,orcas,srs,49.0701,-123.1709,TWM-SA-Pub,0,0,0,,0,0,0,,0,0,0,,0.0,1.0,
1986-09-06,07:15:00,9,6.0,1986,orcas,srs,48.4883,-122.699,TWM-SA-Pub,0,0,0,,0,0,0,,0,0,0,,0.0,1.0,
1986-09-06,07:30:00,9,6.0,1986,orcas,srs,48.4885,-122.7661,TWM-SA-Pub,0,0,0,,0,0,0,,0,0,0,,0.0,1.0,
1986-09-06,09:30:00,9,6.0,1986,orcas,srs,48.4883,-122.699,TWM-SA-Pub,0,0,0,,0,0,0,,0,0,0,,0.0,1.0,
1986-09-06,11:30:00,9,6.0,1986,orcas,srs,48.3633,-122.7623,TWM-SA-Pub,0,0,0,,0,0,0,,0,0,0,,0.0,1.0,
1986-09-06,11:45:00,9,6.0,1986,orcas,srs,48.4629,-123.1092,TWM-SA-Pub,0,0,0,,0,0,0,,0,0,0,,0.0,1.0,
1986-09-06,11:45:00,9,6.0,1986,orcas,srs,48.4629,-123.1092,TWM-SA-Pub,0,0,0,,0,0,0,,0,0,0,,0.0,1.0,
1986-09-06,12:00:00,9,6.0,1986,j+,jkl,48.5065,-123.1786,TWM-SA-Rel,1,1,1,J,0,1,1,K,0,1,1,L,0.0,1.0,JKL
1986-09-06,12:00:00,9,6.0,1986,jk,jkl,48.5065,-123.1786,TWM-SA-Rel,1,1,1,J,1,1,1,K,0,1,1,L,0.0,1.0,JKL
1986-09-06,12:30:00,9,6.0,1986,orcas,jkl,48.5602,-123.2168,TWM-SA-Pub,0,1,1,J,0,1,1,K,0,1,1,L,0.0,1.0,JKL
1986-09-06,12:30:00,9,6.0,1986,k+,jkl,48.5065,-123.1786,TWM-SA-Rel,0,1,1,J,1,1,1,K,0,1,1,L,0.0,1.0,JKL
1986-09-06,12:40:00,9,6.0,1986,l,jkl,48.5065,-123.1786,TWM-SA-Rel,0,1,1,J,0,1,1,K,1,1,1,L,0.0,1.0,JKL
1986-09-06,13:15:00,9,6.0,1986,orcas,jkl,48.5065,-123.1786,TWM-SA-Pub,0,1,1,J,0,1,1,K,0,1,1,L,0.0,1.0,JKL
1986-09-06,14:30:00,9,6.0,1986,jkl,nan,48.5602,-123.2168,TWM-SA-Rel,1,0,1,J,1,0,1,K,1,0,1,L,0.0,1.0,JKL
1986-09-06,15:30:00,9,6.0,1986,jkl,nan,48.6266,-123.1794,TWM-SA-Rel,1,0,1,J,1,0,1,K,1,0,1,L,0.0,1.0,JKL
1986-09-06,17:00:00,9,6.0,1986,jkl,nan,48.711,-123.2655,TWM-SA-Rel,1,0,1,J,1,0,1,K,1,0,1,L,0.0,1.0,JKL
1986-09-07,10:15:00,9,7.0,1986,orcas,srs,48.8488,-123.3539,TWM-SA-Pub,0,0,0,,0,0,0,,0,0,0,,0.0,1.0,
1986-09-07,18:15:00,9,7.0,1986,orcas,nan,48.7226,-123.4416,TWM-SA-Pub,0,0,0,,0,0,0,,0,0,0,,0.0,1.0,
1986-09-07,,9,7.0,1986,lp,l-19+,49.0537,-123.2262,TWM-SA-Rel,0,0,0,,0,0,0,,1,1,1,L,0.0,1.0,L
1986-09-09,09:00:00,9,9.0,1986,j,jk,48.5065,-123.1786,TWM-SA-Rel,1,1,1,J,0,1,1,K,0,0,0,,0.0,1.0,JK
1986-09-09,10:30:00,9,9.0,1986,j,jk,48.5065,-123.1786,TWM-SA-Rel,1,1,1,J,0,1,1,K,0,0,0,,0.0,1.0,JK
1986-09-09,11:20:00,9,9.0,1986,jk,nan,48.6266,-123.1794,TWM-SA-Rel,1,0,1,J,1,0,1,K,0,0,0,,0.0,1.0,JK
1986-09-10,11:05:00,9,10.0,1986,jk,nan,48.6266,-123.1794,TWM-SA-Rel,1,0,1,J,1,0,1,K,0,0,0,,0.0,1.0,JK
1986-09-10,11:30:00,9,10.0,1986,orcas,jk,48.6266,-123.1794,TWM-SA-Pub,0,1,1,J,0,1,1,K,0,0,0,,0.0,1.0,JK
1986-09-10,11:30:00,9,10.0,1986,orcas,srs,48.7395,-123.3776,TWM-SA-Rel,0,0,0,,0,0,0,,0,0,0,,0.0,1.0,
1986-09-10,12:50:00,9,10.0,1986,orcas,srs,48.6794,-123.3138,TWM-SA-Rel,0,0,0,,0,0,0,,0,0,0,,0.0,1.0,
1986-09-11,10:30:00,9,11.0,1986,orcas,nan,48.5602,-123.2168,TWM-SA-Pub,0,0,0,,0,0,0,,0,0,0,,0.0,1.0,
1986-09-11,11:00:00,9,11.0,1986,orcas,nan,48.6266,-123.1794,TWM-SA-Pub,0,0,0,,0,0,0,,0,0,0,,0.0,1.0,
1986-09-11,19:30:00,9,11.0,1986,orcas,srs,48.6266,-123.1794,TWM-SA-Pub,0,0,0,,0,0,0,,0,0,0,,0.0,1.0,
1986-09-12,16:30:00,9,12.0,1986,j,nan,48.6266,-123.1794,TWM-SA-Rel,1,0,1,J,0,0,0,,0,0,0,,0.0,1.0,J
1986-09-12,16:45:00,9,12.0,1986,j,nan,48.6266,-123.1794,TWM-SA-Rel,1,0,1,J,0,0,0,,0,0,0,,0.0,1.0,J
1986-09-12,17:00:00,9,12.0,1986,orcas,j,48.5602,-123.2168,TWM-SA-Pub,0,1,1,J,0,0,0,,0,0,0,,0.0,1.0,J
1986-09-12,17:15:00,9,12.0,1986,j,nan,48.5602,-123.2168,TWM-SA-Rel,1,0,1,J,0,0,0,,0,0,0,,0.0,1.0,J
1986-09-12,17:30:00,9,12.0,1986,j,nan,48.6266,-123.1794,TWM-SA-Rel,1,0,1,J,0,0,0,,0,0,0,,0.0,1.0,J
1986-09-13,12:40:00,9,13.0,1986,orcas,jklp,48.5065,-123.1786,TWM-SA-Rel,0,1,1,J,0,1,1,K,0,1,1,L,0.0,1.0,JKL
1986-09-13,12:44:00,9,13.0,1986,klp,jklp,48.5065,-123.1786,TWM-SA-Rel,0,1,1,J,1,1,1,K,1,1,1,L,0.0,1.0,JKL
1986-09-13,12:45:00,9,13.0,1986,orcas,jklp,48.5065,-123.1786,TWM-SA-Pub,0,1,1,J,0,1,1,K,0,1,1,L,0.0,1.0,JKL
1986-09-13,13:00:00,9,13.0,1986,orcas,jklp,48.5602,-123.2168,TWM-SA-Pub,0,1,1,J,0,1,1,K,0,1,1,L,0.0,1.0,JKL
1986-09-13,15:00:00,9,13.0,1986,jkl,jklp,48.6288,-123.1411,TWM-SA-Rel,1,1,1,J,1,1,1,K,1,1,1,L,0.0,1.0,JKL
1986-09-13,15:05:00,9,13.0,1986,jklp,nan,48.711,-123.2655,TWM-SA-Rel,1,0,1,J,1,0,1,K,1,0,1,L,0.0,1.0,JKL
1986-09-13,17:00:00,9,13.0,1986,jkl,jklp,48.7399,-123.1448,TWM-SA-Rel,1,1,1,J,1,1,1,K,1,1,1,L,0.0,1.0,JKL
1986-09-14,10:30:00,9,14.0,1986,orcas,jklp,49.0701,-123.1709,TWM-SA-Pub,0,1,1,J,0,1,1,K,0,1,1,L,0.0,1.0,JKL
1986-09-14,11:15:00,9,14.0,1986,orcas,nan,,,TWM-SA-Pub,0,0,0,,0,0,0,,0,0,0,,,,
1986-09-14,,9,14.0,1986,orcas,nan,,,TWM-SA-Pub,0,0,0,,0,0,0,,0,0,0,,,,
1986-09-15,07:30:00,9,15.0,1986,orcas,jkl,48.7183,-122.9285,TWM-SA-Pub,0,1,1,J,0,1,1,K,0,1,1,L,0.0,1.0,JKL
1986-09-15,08:00:00,9,15.0,1986,orcas,jkl,48.7151,-122.8291,TWM-SA-Pub,0,1,1,J,0,1,1,K,0,1,1,L,0.0,1.0,JKL
1986-09-15,09:00:00,9,15.0,1986,orcas,jkl,48.6712,-122.7419,TWM-SA-Pub,0,1,1,J,0,1,1,K,0,1,1,L,0.0,1.0,JKL
1986-09-15,11:30:00,9,15.0,1986,orcas,jkl,48.4883,-122.699,TWM-SA-Pub,0,1,1,J,0,1,1,K,0,1,1,L,0.0,1.0,JKL
1986-09-15,15:00:00,9,15.0,1986,jkl,nan,48.406,-122.8987,TWM-SA-Rel,1,0,1,J,1,0,1,K,1,0,1,L,0.0,1.0,JKL
1986-09-15,15:30:00,9,15.0,1986,orcas,jkl,48.406,-122.8987,TWM-SA-Pub,0,1,1,J,0,1,1,K,0,1,1,L,0.0,1.0,JKL
1986-09-15,18:03:00,9,15.0,1986,orcas,jkl,48.5065,-123.1786,TWM-SA-Rel,0,1,1,J,0,1,1,K,0,1,1,L,0.0,1.0,JKL
1986-09-15,18:05:00,9,15.0,1986,orcas,jkl,48.5065,-123.1786,TWM-SA-Rel,0,1,1,J,0,1,1,K,0,1,1,L,0.0,1.0,JKL
1986-09-15,19:04:00,9,15.0,1986,jkl,nan,48.5065,-123.1786,TWM-SA-Rel,1,0,1,J,1,0,1,K,1,0,1,L,0.0,1.0,JKL
1986-09-15,19:16:00,9,15.0,1986,jkl,nan,48.5602,-123.2168,TWM-SA-Rel,1,0,1,J,1,0,1,K,1,0,1,L,0.0,1.0,JKL
1986-09-15,20:10:00,9,15.0,1986,jkl,nan,48.5602,-123.2168,TWM-SA-Rel,1,0,1,J,1,0,1,K,1,0,1,L,0.0,1.0,JKL
1986-09-17,19:00:00,9,17.0,1986,orcas,srs,47.6849,-122.4389,TWM-SA-Rel,0,0,0,,0,0,0,,0,0,0,,1.0,0.0,
1986-09-18,11:00:00,9,18.0,1986,orcas,jkl,48.4089,-123.294,TWM-SA-Pub,0,1,1,J,0,1,1,K,0,1,1,L,0.0,1.0,JKL
1986-09-18,14:00:00,9,18.0,1986,orcas,jkl,48.5065,-123.1786,TWM-SA-Pub,0,1,1,J,0,1,1,K,0,1,1,L,0.0,1.0,JKL
1986-09-18,14:10:00,9,18.0,1986,orcas,jkl,48.5602,-123.2168,TWM-SA-Pub,0,1,1,J,0,1,1,K,0,1,1,L,0.0,1.0,JKL
1986-09-18,14:30:00,9,18.0,1986,jkl,nan,48.5602,-123.2168,TWM-SA-Rel,1,0,1,J,1,0,1,K,1,0,1,L,0.0,1.0,JKL
1986-09-18,15:00:00,9,18.0,1986,orcas,jkl,48.6266,-123.1794,TWM-SA-Pub,0,1,1,J,0,1,1,K,0,1,1,L,0.0,1.0,JKL
1986-09-18,16:30:00,9,18.0,1986,orcas,jkl,48.711,-123.2655,TWM-SA-Pub,0,1,1,J,0,1,1,K,0,1,1,L,0.0,1.0,JKL
1986-09-21,11:45:00,9,21.0,1986,orcas,srs,48.5386,-122.9544,TWM-SA-Pub,0,0,0,,0,0,0,,0,0,0,,0.0,1.0,
1986-09-21,12:15:00,9,21.0,1986,l,nan,48.711,-123.2655,TWM-SA-Rel,0,0,0,,0,0,0,,1,0,1,L,0.0,1.0,L
1986-09-21,13:30:00,9,21.0,1986,l,nan,48.4454,-123.0354,TWM-SA-Rel,0,0,0,,0,0,0,,1,0,1,L,0.0,1.0,L
1986-09-21,21:30:00,9,21.0,1986,orcas,nan,48.5065,-123.1786,TWM-SA-Rel,0,0,0,,0,0,0,,0,0,0,,0.0,1.0,
1986-09-21,,9,21.0,1986,orcas,srs,48.6617,-123.014,TWM-SA-Pub,0,0,0,,0,0,0,,0,0,0,,0.0,1.0,
1986-09-25,18:00:00,9,25.0,1986,orcas,nan,48.5065,-123.1786,TWM-SA-Pub,0,0,0,,0,0,0,,0,0,0,,0.0,1.0,
1986-09-26,,9,26.0,1986,orcas,nan,48.5602,-123.2168,TWM-HYD-Rel,0,0,0,,0,0,0,,0,0,0,,0.0,1.0,
1986-09-27,,9,27.0,1986,orcas,srs,48.9674,-123.7316,TWM-SA-Pub,0,0,0,,0,0,0,,0,0,0,,0.0,1.0,
1986-09-28,13:00:00,9,28.0,1986,orcas,srs,48.4454,-123.0354,TWM-SA-Pub,0,0,0,,0,0,0,,0,0,0,,0.0,1.0,
1986-09-28,13:45:00,9,28.0,1986,l,nan,48.5065,-123.1786,TWM-SA-Rel,0,0,0,,0,0,0,,1,0,1,L,0.0,1.0,L
1986-09-28,14:15:00,9,28.0,1986,orcas,l,48.5602,-123.2168,TWM-SA-Pub,0,0,0,,0,0,0,,0,1,1,L,0.0,1.0,L
1986-09-28,16:00:00,9,28.0,1986,orcas,nan,48.4489,-122.7675,TWM-SA-Pub,0,0,0,,0,0,0,,0,0,0,,0.0,1.0,
1986-09-28,,9,28.0,1986,orcas,l,48.6266,-123.1794,TWM-SA-Pub,0,0,0,,0,0,0,,0,1,1,L,0.0,1.0,L
1986-10-03,17:30:00,10,3.0,1986,orcas,nan,47.5483,-122.4917,TWM-SA-Pub,0,0,0,,0,0,0,,0,0,0,,1.0,0.0,
1986-10-03,17:58:00,10,3.0,1986,orcas,nan,47.5483,-122.4917,TWM-SA-Pub,0,0,0,,0,0,0,,0,0,0,,1.0,0.0,
1986-10-04,08:25:00,10,4.0,1986,orcas,nan,47.4637,-122.4933,TWM-SA-Pub,0,0,0,,0,0,0,,0,0,0,,1.0,0.0,
1986-10-04,,10,4.0,1986,orcas,nan,48.5324,-122.7422,TWM-SA-Pub,0,0,0,,0,0,0,,0,0,0,,0.0,1.0,
1986-10-12,14:00:00,10,12.0,1986,orcas,srs,48.6266,-123.1794,TWM-SA-Pub,0,0,0,,0,0,0,,0,0,0,,0.0,1.0,
1986-10-15,13:00:00,10,15.0,1986,k,nan,48.7226,-123.4416,TWM-SA-Rel,0,0,0,,1,0,1,K,0,0,0,,0.0,1.0,K
1986-10-15,18:45:00,10,15.0,1986,orcas,k,48.4472,-123.2843,TWM-SA-Pub,0,0,0,,0,1,1,K,0,0,0,,0.0,1.0,K
1986-11-03,,11,3.0,1986,orcas,srs,48.7958,-123.3604,TWM-SA-Pub,0,0,0,,0,0,0,,0,0,0,,0.0,1.0,
1986-11-05,13:15:00,11,5.0,1986,orcas,nan,48.3567,-123.7289,TWM-SA-Rel,0,0,0,,0,0,0,,0,0,0,,0.0,1.0,
1986-11-08,13:15:00,11,8.0,1986,orcas,nan,48.5871,-123.0382,TWM-SA-Pub,0,0,0,,0,0,0,,0,0,0,,0.0,1.0,
1986-11-11,09:00:00,11,11.0,1986,orcas,nan,48.5065,-123.1786,TWM-SA-Pub,0,0,0,,0,0,0,,0,0,0,,0.0,1.0,
1986-11-14,09:30:00,11,14.0,1986,orcas,klp,48.5065,-123.1786,TWM-SA-Rel,0,0,0,,0,1,1,K,0,1,1,L,0.0,1.0,KL
1986-11-14,13:00:00,11,14.0,1986,orcas,klp,48.5065,-123.1786,TWM-SA-Pub,0,0,0,,0,1,1,K,0,1,1,L,0.0,1.0,KL
1986-11-14,13:30:00,11,14.0,1986,orcas,klp,48.5065,-123.1786,TWM-SA-Pub,0,0,0,,0,1,1,K,0,1,1,L,0.0,1.0,KL
1986-11-14,13:45:00,11,14.0,1986,orcas,nan,47.5995,-122.4367,TWM-SA-Pub,0,0,0,,0,0,0,,0,0,0,,1.0,0.0,
1986-11-14,13:45:00,11,14.0,1986,klp,nan,48.5065,-123.1786,TWM-SA-Rel,0,0,0,,1,0,1,K,1,0,1,L,0.0,1.0,KL
1986-11-14,14:22:00,11,14.0,1986,k,nan,48.5065,-123.1786,TWM-SA-Rel,0,0,0,,1,0,1,K,0,0,0,,0.0,1.0,K
1986-11-14,,11,14.0,1986,orcas,nan,47.371,-122.5189,TWM-SA-Pub,0,0,0,,0,0,0,,0,0,0,,1.0,0.0,
1986-11-15,14:00:00,11,15.0,1986,orcas,nan,47.2995,-122.5334,TWM-SA-Pub,0,0,0,,0,0,0,,0,0,0,,1.0,0.0,
1986-11-15,,11,15.0,1986,orcas,nan,47.7696,-122.4189,TWM-SA-Pub,0,0,0,,0,0,0,,0,0,0,,1.0,0.0,
1986-11-17,15:20:00,11,17.0,1986,orcas,nan,48.3567,-123.7289,TWM-SA-Pub,0,0,0,,0,0,0,,0,0,0,,0.0,1.0,
1986-11-17,,11,17.0,1986,orcas,nan,47.7696,-122.4189,TWM-SA-Pub,0,0,0,,0,0,0,,0,0,0,,1.0,0.0,
1986-11-18,08:50:00,11,18.0,1986,orcas,nan,47.7275,-122.4431,TWM-SA-Pub,0,0,0,,0,0,0,,0,0,0,,1.0,0.0,
1986-11-18,,11,18.0,1986,orcas,nan,47.7696,-122.4189,TWM-SA-Pub,0,0,0,,0,0,0,,0,0,0,,1.0,0.0,
1986-11-22,13:30:00,11,22.0,1986,orcas,srs,48.3159,-123.6279,TWM-SA-Rel,0,0,0,,0,0,0,,0,0,0,,0.0,1.0,
1986-11-22,16:00:00,11,22.0,1986,orcas,nan,48.6044,-122.9721,TWM-SA-Pub,0,0,0,,0,0,0,,0,0,0,,0.0,1.0,
1986-12-09,14:00:00,12,9.0,1986,orcas,nan,48.0145,-122.6301,TWM-SA-Pub,0,0,0,,0,0,0,,0,0,0,,1.0,0.0,
1986-12-10,08:00:00,12,10.0,1986,orcas,nan,47.4637,-122.4933,TWM-SA-Pub,0,0,0,,0,0,0,,0,0,0,,1.0,0.0,
1986-12-10,08:50:00,12,10.0,1986,orcas,nan,47.3387,-122.4451,TWM-SA-Pub,0,0,0,,0,0,0,,0,0,0,,1.0,0.0,
1986-12-15,10:15:00,12,15.0,1986,orcas,srs,47.9624,-122.292,TWM-SA-Pub,0,0,0,,0,0,0,,0,0,0,,1.0,0.0,
1986-12-15,16:00:00,12,15.0,1986,orcas,nan,47.5995,-122.4367,TWM-SA-Pub,0,0,0,,0,0,0,,0,0,0,,1.0,0.0,
1986-12-17,14:00:00,12,17.0,1986,orcas,srs,47.5093,-122.4054,TWM-SA-Rel,0,0,0,,0,0,0,,0,0,0,,1.0,0.0,
1986-12-19,12:30:00,12,19.0,1986,orcas,srs,47.5093,-122.4054,TWM-SA-Rel,0,0,0,,0,0,0,,0,0,0,,1.0,0.0,
1986-12-19,13:00:00,12,19.0,1986,orcas,srs,47.4177,-122.3619,TWM-SA-Pub,0,0,0,,0,0,0,,0,0,0,,1.0,0.0,
1986-12-19,,12,19.0,1986,orcas,srs,47.5533,-122.4188,TWM-SA-Pub,0,0,0,,0,0,0,,0,0,0,,1.0,0.0,
1986-12-19,,12,19.0,1986,orcas,srs,47.2865,-122.4311,TWM-SA-Pub,0,0,0,,0,0,0,,0,0,0,,1.0,0.0,
1986-12-24,11:00:00,12,24.0,1986,orcas,srs,48.5602,-123.2168,TWM-SA-Pub,0,0,0,,0,0,0,,0,0,0,,0.0,1.0,
1986-12-27,10:02:00,12,27.0,1986,orcas,srs,47.3387,-122.4451,TWM-SA-Pub,0,0,0,,0,0,0,,0,0,0,,1.0,0.0,
1986-12-27,11:30:00,12,27.0,1986,orcas,srs,47.3567,-122.3476,TWM-SA-Pub,0,0,0,,0,0,0,,0,0,0,,1.0,0.0,
1986-12-27,13:00:00,12,27.0,1986,orcas,srs,47.5093,-122.4054,TWM-SA-Pub,0,0,0,,0,0,0,,0,0,0,,1.0,0.0,
1986-12-27,13:00:00,12,27.0,1986,orcas,srs,47.4177,-122.3619,TWM-SA-Pub,0,0,0,,0,0,0,,0,0,0,,1.0,0.0,
1986-12-27,14:00:00,12,27.0,1986,orcas,srs,47.5093,-122.4054,TWM-SA-Rel,0,0,0,,0,0,0,,0,0,0,,1.0,0.0,
1986-12-27,,12,27.0,1986,orcas,srs,47.5533,-122.4188,TWM-SA-Pub,0,0,0,,0,0,0,,0,0,0,,1.0,0.0,
1986-12-29,12:00:00,12,29.0,1986,orcas,srs,48.8866,-123.295,TWM-SA-Rel,0,0,0,,0,0,0,,0,0,0,,0.0,1.0,
1986-12-29,,12,29.0,1986,orcas,srs,48.7958,-123.3604,TWM-SA-Pub,0,0,0,,0,0,0,,0,0,0,,0.0,1.0,
1986-12-31,15:00:00,12,31.0,1986,orcas,nan,48.3153,-123.7002,TWM-SA-Rel,0,0,0,,0,0,0,,0,0,0,,0.0,1.0,
